timestamp,author_x,message_x,author_y,message_y
2024-09-10 20:54:46,Charlie Beehr,9 pm est,Charlie Beehr,9 pm est
2024-09-10 20:54:47,Room6,Oooookay?,Room6,Oooookay?
2024-09-10 20:54:49,Great to be back ,:popcorn: :cup_with_straw::thumbs_up:,Great to be back ,:popcorn: :cup_with_straw::thumbs_up:
2024-09-10 20:54:50,Chocolate,@Emanuel N u have offended my religous veiws lol,Chocolate,@Emanuel N u have offended my religous veiws lol
2024-09-10 20:54:54,Lora,Trump did the crime Jesus never sinned went to the cross with innocent ,Lora,Trump did the crime Jesus never sinned went to the cross with innocent 
2024-09-10 20:54:57,Curt ,ramble on,Curt ,ramble on
2024-09-10 20:55:00,Austin | Recreational Director,DEBATE IS IN 5 MINUTES,Austin | Recreational Director,DEBATE IS IN 5 MINUTES
2024-09-10 20:55:03,Sikies Cordova,Welfare recipients for trump ,Sikies Cordova,Welfare recipients for trump 
2024-09-10 20:55:07,Emanuel N,You want to sane explain away Trump's acts that's your business,Emanuel N,You want to sane explain away Trump's acts that's your business
2024-09-10 20:55:09,younglink309,"every night i get on my knees and pray that Trump will take me away from here. ""Trump is love"" I'd say ""Trump is life""",GiratinaTech,appreciate it
2024-09-10 20:55:09,GiratinaTech,appreciate it,GiratinaTech,appreciate it
2024-09-10 20:55:14,4Running Free,ffs! do your homework people,4Running Free,ffs! do your homework people
2024-09-10 20:55:15,Truth,"Tis is what Democrats do to you in court, lie, false charges, plants, games, lawyer legalese language and play games theater to leave you lost and having to submit to them!",Truth,"Tis is what Democrats do to you in court, lie, false charges, plants, games, lawyer legalese language and play games theater to leave you lost and having to submit to them!"
2024-09-10 20:55:18,Kaiden9226,No evidence ,Kaiden9226,No evidence 
2024-09-10 20:55:19,Emanuel N,Chocolate its nonsense to the rest of us,Emanuel N,Chocolate its nonsense to the rest of us
2024-09-10 20:55:19,Room6,Still more cognizant than I’ve seen in a while,Emanuel N,Chocolate its nonsense to the rest of us
2024-09-10 20:55:20,Wen Lambo ??,i love trump so much,Great to be back ,Hunter Biden cheated on his taxes:hand-orange-covering-eyes::hand-orange-covering-eyes:
2024-09-10 20:55:20,Great to be back ,Hunter Biden cheated on his taxes:hand-orange-covering-eyes::hand-orange-covering-eyes:,Great to be back ,Hunter Biden cheated on his taxes:hand-orange-covering-eyes::hand-orange-covering-eyes:
2024-09-10 20:55:44,Truth,"This is what Democrats do to you in court, lie, false charges, plants, games, lawyer legalese language and play games theater to leave you lost and having to submit to them!",Truth,"This is what Democrats do to you in court, lie, false charges, plants, games, lawyer legalese language and play games theater to leave you lost and having to submit to them!"
2024-09-10 20:55:48,Chocolate,@Emanuel N so is fascism,Chocolate,@Emanuel N so is fascism
2024-09-10 20:55:52,Curt ,facts,Curt ,facts
2024-09-10 20:55:56,Kaiden9226,:hundred_points::hundred_points::hundred_points:,Kaiden9226,:hundred_points::hundred_points::hundred_points:
2024-09-10 20:56:07,urmailman,AWWWW YEAHHHH ITS TIMEEE,urmailman,AWWWW YEAHHHH ITS TIMEEE
2024-09-10 20:56:10,CORE KeyMaker,My nips,CORE KeyMaker,My nips
2024-09-10 20:56:11,Chocolate,xD,Chocolate,xD
2024-09-10 20:56:12,Emanuel N,Chocolate your talking about TRUMP right?,Emanuel N,Chocolate your talking about TRUMP right?
2024-09-10 20:56:17,Wen Lambo ??,straight up MALARKY !,Wen Lambo ??,straight up MALARKY !
2024-09-10 20:56:20,Lora,Trump is love wow ask the people that he caused to lose their jobs if that was love that is greed,Lora,Trump is love wow ask the people that he caused to lose their jobs if that was love that is greed
2024-09-10 20:56:25,Charlie Beehr,go trump; dump Harris!,Charlie Beehr,go trump; dump Harris!
2024-09-10 20:56:27,younglink309,WE LIKE IKE! WE LIKE IKE!,younglink309,WE LIKE IKE! WE LIKE IKE!
2024-09-10 20:56:28,Emanuel N,Trump wants to control all facets of our government,Emanuel N,Trump wants to control all facets of our government
2024-09-10 20:56:29,urmailman,Lmao,urmailman,Lmao
2024-09-10 20:56:31,Kaiden9226,Biden::frowning_face_with_open_mouth:,Kaiden9226,Biden::frowning_face_with_open_mouth:
2024-09-10 20:56:33,Truth,Dixie Crat,Truth,Dixie Crat
2024-09-10 20:56:36,Wen Lambo ??,HairAss,Wen Lambo ??,HairAss
2024-09-10 20:56:39,Emanuel N,Judicial ...3 supreme court justices,Emanuel N,Judicial ...3 supreme court justices
2024-09-10 20:56:43,Wen Lambo ??,Kamala HairAss,Wen Lambo ??,Kamala HairAss
2024-09-10 20:56:47,Chocolate,?????,Truth,@Kaiden9226 lol
2024-09-10 20:56:47,Truth,@Kaiden9226 lol,Truth,@Kaiden9226 lol
2024-09-10 20:56:49,urmailman,jan 6 was a joke,urmailman,jan 6 was a joke
2024-09-10 20:56:55,Reggie White Uncensored,"Lil Girl hair smeller, :ice_cream: licker. Replaced with a chameleon...",Reggie White Uncensored,"Lil Girl hair smeller, :ice_cream: licker. Replaced with a chameleon..."
2024-09-10 20:56:58,Emanuel N,Legislative....Need to go through Laura Trump to get Trump's blessing,Emanuel N,Legislative....Need to go through Laura Trump to get Trump's blessing
2024-09-10 20:57:00,Emanuel N,RNC,Emanuel N,RNC
2024-09-10 20:57:07,Wen Lambo ??,jan 6th was mosty peacful,Wen Lambo ??,jan 6th was mosty peacful
2024-09-10 20:57:12,steve r,never should be allowed anywhere near the oval office,Emanuel N,And the executive....RIGHT....
2024-09-10 20:57:12,Emanuel N,And the executive....RIGHT....,Emanuel N,And the executive....RIGHT....
2024-09-10 20:57:16,Austin | Recreational Director,If Trump is facist then how come he was nominated yet Kamala stole Biden's canidacy spot because democrats made an elite's decision to put who they wanted and not who the people wanted?,Austin | Recreational Director,If Trump is facist then how come he was nominated yet Kamala stole Biden's canidacy spot because democrats made an elite's decision to put who they wanted and not who the people wanted?
2024-09-10 20:57:21,Kaiden9226,BLM riots were way worse than J6,Kaiden9226,BLM riots were way worse than J6
2024-09-10 20:57:22,Great to be back ,:hand-orange-covering-eyes::hand-orange-covering-eyes::popcorn::cup_with_straw::beaming_face_with_smiling_eyes::folded_hands:,Great to be back ,:hand-orange-covering-eyes::hand-orange-covering-eyes::popcorn::cup_with_straw::beaming_face_with_smiling_eyes::folded_hands:
2024-09-10 20:57:23,Austin | Recreational Director,Which sounds more facist,Austin | Recreational Director,Which sounds more facist
2024-09-10 20:57:37,Joseph Demarco,Democrats lie and cheat to win because they want to sell out America,Joseph Demarco,Democrats lie and cheat to win because they want to sell out America
2024-09-10 20:57:42,Lora,Jan 6 peaceful wow are blind ,Lora,Jan 6 peaceful wow are blind 
2024-09-10 20:57:43,J Rizzo,Kamala’s debate prep: sleeping with the whole studio crew,J Rizzo,Kamala’s debate prep: sleeping with the whole studio crew
2024-09-10 20:57:50,Jim Wilson,we learned we should have come armed,Jim Wilson,we learned we should have come armed
2024-09-10 20:57:52,Emanuel N,Just pointing out the ways TRUMP wants to control all 3 branches of GOVERNMENT,Emanuel N,Just pointing out the ways TRUMP wants to control all 3 branches of GOVERNMENT
2024-09-10 20:57:57,Great to be back ,:hand-orange-covering-eyes::hand-orange-covering-eyes:,Great to be back ,:hand-orange-covering-eyes::hand-orange-covering-eyes:
2024-09-10 20:57:58,Curt ,black lives SPLATTER,Curt ,black lives SPLATTER
2024-09-10 20:58:09,Wen Lambo ??,Jan 6th was a democrat setup and they killed ashley babbitt,Wen Lambo ??,Jan 6th was a democrat setup and they killed ashley babbitt
2024-09-10 20:58:13,Emanuel N,Chocolate when you say something at least back it up,Emanuel N,Chocolate when you say something at least back it up
2024-09-10 20:58:17,BoochieKat,Harris Walz 2024!!,BoochieKat,Harris Walz 2024!!
2024-09-10 20:58:18,Highwayrobbr,JIM WILL BE GETTING A VISIT SOON,Highwayrobbr,JIM WILL BE GETTING A VISIT SOON
2024-09-10 20:58:24,Kaiden9226,I didn’t see 2 billion dollars worth of damage or 30+ people die during J6,Charlie Beehr,Tim walz ate Harris already
2024-09-10 20:58:24,Charlie Beehr,Tim walz ate Harris already,Charlie Beehr,Tim walz ate Harris already
2024-09-10 20:58:27,Lora,Rizzo that slander and you are full of it,Lora,Rizzo that slander and you are full of it
2024-09-10 20:58:30,Ella Barajas , Let’s go ,Ella Barajas , Let’s go 
2024-09-10 20:58:34,Wen Lambo ??,they shot that AMERICAN PATRIOT in her face,Wen Lambo ??,they shot that AMERICAN PATRIOT in her face
2024-09-10 20:58:38,Jim Wilson,bring it,4Running Free,summer of love? Lora?
2024-09-10 20:58:38,4Running Free,summer of love? Lora?,4Running Free,summer of love? Lora?
2024-09-10 20:58:47,Great to be back ,:popcorn::cup_with_straw::thumbs_up:,Great to be back ,:popcorn::cup_with_straw::thumbs_up:
2024-09-10 20:58:54,Joseph Demarco,stolen valor Tim,Joseph Demarco,stolen valor Tim
2024-09-10 20:58:58,Benjamin Shelton,for serious though we need a constitutional amendment for term limits for all members of Congress so speak to all your state and federal representatives and demand term limits,Benjamin Shelton,for serious though we need a constitutional amendment for term limits for all members of Congress so speak to all your state and federal representatives and demand term limits
2024-09-10 20:59:03,Highwayrobbr,MAGA MEMA IS DOING HARD TIME FOR MEMES,Highwayrobbr,MAGA MEMA IS DOING HARD TIME FOR MEMES
2024-09-10 20:59:04,Captain Willard,Harris will crumble ,Captain Willard,Harris will crumble 
2024-09-10 20:59:04,Keller Kildee,The United States Media is allegedly biased against Joe Bis,Captain Willard,Harris will crumble 
2024-09-10 20:59:07,Great to be back ,:hand-orange-covering-eyes::hand-orange-covering-eyes::face-purple-wide-eyes:,Great to be back ,:hand-orange-covering-eyes::hand-orange-covering-eyes::face-purple-wide-eyes:
2024-09-10 20:59:08,Phillip Whitley,show time :raising_hands: #MAGA,Phillip Whitley,show time :raising_hands: #MAGA
2024-09-10 20:59:16,BoochieKat,this music is hella dramatic,BoochieKat,this music is hella dramatic
2024-09-10 20:59:22,steve r,i would really like to believe Americans are smart enough to see Trump for the TRAITOR he is to AMERICA....,steve r,i would really like to believe Americans are smart enough to see Trump for the TRAITOR he is to AMERICA....
2024-09-10 20:59:28,Emanuel N,"""I like veterans who don't get captured."" Trump ...talking about Mccain",Emanuel N,"""I like veterans who don't get captured."" Trump ...talking about Mccain"
2024-09-10 20:59:29,BLAKE PERDUE,"SENATORS ARE TOO OLD EVEN NIXON REALIZED THIS, THE FEDERAL GOVERNMENT IS KILLING US",BLAKE PERDUE,"SENATORS ARE TOO OLD EVEN NIXON REALIZED THIS, THE FEDERAL GOVERNMENT IS KILLING US"
2024-09-10 20:59:30,Lora,Summer of hate????,Lora,Summer of hate????
2024-09-10 20:59:32,Sikies Cordova,BLM  for trump ,Sikies Cordova,BLM  for trump 
2024-09-10 20:59:33,GiratinaTech,who do yall think it's winning this debate? I'd say Trump because of Kamala's record and she has no policies to stand on,GiratinaTech,who do yall think it's winning this debate? I'd say Trump because of Kamala's record and she has no policies to stand on
2024-09-10 20:59:36,BW,any female maga in the house :partying_face:,BW,any female maga in the house :partying_face:
2024-09-10 20:59:37,younglink309,the fact that this whole production is run like a football game is fun.,younglink309,the fact that this whole production is run like a football game is fun.
2024-09-10 20:59:50,Emanuel N,Trump's deferrment ...BONES SPur,Emanuel N,Trump's deferrment ...BONES SPur
2024-09-10 21:00:02,Austin | Recreational Director,Enjoy your debate everyone. Im turning off comments now have a good one:beaming_face_with_smiling_eyes:,Austin | Recreational Director,Enjoy your debate everyone. Im turning off comments now have a good one:beaming_face_with_smiling_eyes:
2024-09-10 21:00:10,4Running Free,yeah that's what I thought lol,4Running Free,yeah that's what I thought lol
2024-09-10 21:00:11,Frank Briley,I just hope someone wins !,Frank Briley,I just hope someone wins !
2024-09-10 21:00:16,Truth,Everybody is for Trump ,Truth,Everybody is for Trump 
2024-09-10 21:00:18,Chris Kerr,TRUMP 2024!!!,Chris Kerr,TRUMP 2024!!!
2024-09-10 21:00:22,GiratinaTech,hey you too austin,GiratinaTech,hey you too austin
2024-09-10 21:00:26,Emanuel N,Trump 20NEVER,Sikies Cordova,Felons for trump 
2024-09-10 21:00:26,Sikies Cordova,Felons for trump ,Sikies Cordova,Felons for trump 
2024-09-10 21:00:27,Benjamin Shelton,and remember next election I'm running for president so vote for me and I will be your president,Curt ,reverse racism
2024-09-10 21:00:27,Curt ,reverse racism,Curt ,reverse racism
2024-09-10 21:00:32,Emanuel N,TRUMP 2024 4 PRISON,Emanuel N,TRUMP 2024 4 PRISON
2024-09-10 21:00:38,younglink309,this is even worse than a GDQ twitch chat...and that's saying something,younglink309,this is even worse than a GDQ twitch chat...and that's saying something
2024-09-10 21:00:38,Charlie Beehr,black voters for trump!,younglink309,this is even worse than a GDQ twitch chat...and that's saying something
2024-09-10 21:00:41,Emanuel N,Trump 2024 VP of RUSSIA,Emanuel N,Trump 2024 VP of RUSSIA
2024-09-10 21:00:43,Curt ,whetes my 10K,Curt ,whetes my 10K
2024-09-10 21:00:47,Angel Hill,Say no to kamal toe :face_with_hand_over_mouth:,Angel Hill,Say no to kamal toe :face_with_hand_over_mouth:
2024-09-10 21:00:48,saw htoo saw,Trumpp,saw htoo saw,Trumpp
2024-09-10 21:01:04,Lora,Tech we’re have you been lately you mean trump doesn’t have policies ,Lora,Tech we’re have you been lately you mean trump doesn’t have policies 
2024-09-10 21:01:10,Emanuel N,No TRUMP,Emanuel N,No TRUMP
2024-09-10 21:01:18,Truth,Dems hate debates like this .. lol,Truth,Dems hate debates like this .. lol
2024-09-10 21:01:22,BLAKE PERDUE,DOWN WITH THE FEDERAL GOVERNMENT DOWN WITH THE LIARS AND THEVES AND COWARDS TRUMP 2024,BLAKE PERDUE,DOWN WITH THE FEDERAL GOVERNMENT DOWN WITH THE LIARS AND THEVES AND COWARDS TRUMP 2024
2024-09-10 21:01:23,Room6,I want a President that can finish a sentence,Room6,I want a President that can finish a sentence
2024-09-10 21:01:30,Charlie Beehr,trump will destroy Kamala,Charlie Beehr,trump will destroy Kamala
2024-09-10 21:01:33,Emanuel N,WIth NO fact checkers?,Great to be back ,everything unaffordable:hand-orange-covering-eyes::hand-orange-covering-eyes:
2024-09-10 21:01:33,Great to be back ,everything unaffordable:hand-orange-covering-eyes::hand-orange-covering-eyes:,Great to be back ,everything unaffordable:hand-orange-covering-eyes::hand-orange-covering-eyes:
2024-09-10 21:01:34,Curt ,facts and these biden goons will argue,Curt ,facts and these biden goons will argue
2024-09-10 21:01:37,Chris Kerr,TRUMP TRUMP TRUMP TRUMP,Chris Kerr,TRUMP TRUMP TRUMP TRUMP
2024-09-10 21:01:42,Joseph Demarco,the illegals are the Democratic new buddies,Joseph Demarco,the illegals are the Democratic new buddies
2024-09-10 21:01:43,Lora,Felons for awesome ,Lora,Felons for awesome 
2024-09-10 21:01:46,Jim Wilson,Russia would make a great trading partner. Not EU like France,Jim Wilson,Russia would make a great trading partner. Not EU like France
2024-09-10 21:01:50,Curt ,fight fight fight,Curt ,fight fight fight
2024-09-10 21:01:57,Emanuel N,Fact Checkers is Trump's worst nightmare,Emanuel N,Fact Checkers is Trump's worst nightmare
2024-09-10 21:02:00,Curt ,lies,Curt ,lies
2024-09-10 21:02:02,4Running Free,Veterans for TRUMP!!!,4Running Free,Veterans for TRUMP!!!
2024-09-10 21:02:09,Teresa Worobetz,"The right throws rocks, stick and calls names. Harris shares what she will do, no name calling",Teresa Worobetz,"The right throws rocks, stick and calls names. Harris shares what she will do, no name calling"
2024-09-10 21:02:15,The Amazing Robin Hood,@Emanuel N Facts. ,The Amazing Robin Hood,@Emanuel N Facts. 
2024-09-10 21:02:22,BLAKE PERDUE,VETERANS FOR TRUMP MARINES FOR TRUMP,BLAKE PERDUE,VETERANS FOR TRUMP MARINES FOR TRUMP
2024-09-10 21:02:23,Joseph Demarco,Joe should be thrown in prison for all these lies,Joseph Demarco,Joe should be thrown in prison for all these lies
2024-09-10 21:02:36,Ola,@wfaa ready to go! enjoy this,Ola,@wfaa ready to go! enjoy this
2024-09-10 21:02:41,Emanuel N,Sane People 4 HARRIS,Emanuel N,Sane People 4 HARRIS
2024-09-10 21:02:45,GiratinaTech,Lora take a look at Agenda 47 before saying trump has no policies. Kamala literally has no policies of any kind on her website,GiratinaTech,Lora take a look at Agenda 47 before saying trump has no policies. Kamala literally has no policies of any kind on her website
2024-09-10 21:02:48,BLAKE PERDUE,"CHENEY KILLED TROOPS, BIDEN KILLED TROOPS, KAMALA KILLED TROOPS",BLAKE PERDUE,"CHENEY KILLED TROOPS, BIDEN KILLED TROOPS, KAMALA KILLED TROOPS"
2024-09-10 21:02:57,Truth,Its been an hour already?,Truth,Its been an hour already?
2024-09-10 21:03:03,younglink309,Ron Paul 2024,younglink309,Ron Paul 2024
2024-09-10 21:03:06,Lora,Air Force vets for Harris,Lora,Air Force vets for Harris
2024-09-10 21:03:08,Ola,she wins the handshake,Ola,she wins the handshake
2024-09-10 21:03:10,Charlie Beehr,trump will save the black community; don't be fooled by Kamala is a puppet,Charlie Beehr,trump will save the black community; don't be fooled by Kamala is a puppet
2024-09-10 21:03:17,Natalie,Depends how u define sanity,Natalie,Depends how u define sanity
2024-09-10 21:03:18,Curt ,whities for Trump,Curt ,whities for Trump
2024-09-10 21:03:20,4Running Free,"serve your country, then talk ish Emanuel",4Running Free,"serve your country, then talk ish Emanuel"
2024-09-10 21:03:21,502 Paranormal Crue,Is this pre-recorded what happened to the debate between Trump and Harris.,502 Paranormal Crue,Is this pre-recorded what happened to the debate between Trump and Harris.
2024-09-10 21:03:23,Truth,They say every year is the hottest LOL,Truth,They say every year is the hottest LOL
2024-09-10 21:03:30,Teresa Worobetz,Trump & Team assaulted a female Arlington caretaker ,Teresa Worobetz,Trump & Team assaulted a female Arlington caretaker 
2024-09-10 21:03:31,BLAKE PERDUE,"IT'S ALWAYS THE SAME YOU'RE LIVING A DREAM AND CALLING YOUR SELF SANE, THEY'RE KILLING YOU, THEY HATE YOU, VOTE TRUMP",BLAKE PERDUE,"IT'S ALWAYS THE SAME YOU'RE LIVING A DREAM AND CALLING YOUR SELF SANE, THEY'RE KILLING YOU, THEY HATE YOU, VOTE TRUMP"
2024-09-10 21:03:32,younglink309,USAF vets for the world ending solar flare,younglink309,USAF vets for the world ending solar flare
2024-09-10 21:03:43,Ola,"watch the debate elsewhere, chat here",Ola,"watch the debate elsewhere, chat here"
2024-09-10 21:03:45,BLAKE PERDUE,RON PAUL 2024,BLAKE PERDUE,RON PAUL 2024
2024-09-10 21:03:50,Truth,Doom and gloom,Truth,Doom and gloom
2024-09-10 21:03:51,Charlie Beehr,alright everyone on board for trump!,Charlie Beehr,alright everyone on board for trump!
2024-09-10 21:03:56,Rebound2U &U2,felons for Trump,Rebound2U &U2,felons for Trump
2024-09-10 21:04:01,GiratinaTech,trump train,Truth,lets go
2024-09-10 21:04:01,Truth,lets go,Truth,lets go
2024-09-10 21:04:04,GiratinaTech,2024,GiratinaTech,2024
2024-09-10 21:04:06,Truth,Everyone for Trump,Truth,Everyone for Trump
2024-09-10 21:04:10,Truth,USA for Trump,Truth,USA for Trump
2024-09-10 21:04:11,Lora,Go Emanuel for blue,Lora,Go Emanuel for blue
2024-09-10 21:04:13,Emanuel N,Trump can't even vote for himself,Emanuel N,Trump can't even vote for himself
2024-09-10 21:04:20,Jim Wilson,climate BS fake,Jim Wilson,climate BS fake
2024-09-10 21:04:24,Chris Kerr,TRUMP LET'S GOOOOOOOO!!!!!!!,Chris Kerr,TRUMP LET'S GOOOOOOOO!!!!!!!
2024-09-10 21:04:25,Curt ,zombies for Harris,Curt ,zombies for Harris
2024-09-10 21:04:28,Emanuel N,Nobody 4 TRUMP,Emanuel N,Nobody 4 TRUMP
2024-09-10 21:04:32,502 Paranormal Crue, #TRUMP2024 ,502 Paranormal Crue, #TRUMP2024 
2024-09-10 21:04:38,Truth,no but a Vote can change everything afterwards,Truth,no but a Vote can change everything afterwards
2024-09-10 21:04:40,Curt ,illegal immagrants for Harris,Curt ,illegal immagrants for Harris
2024-09-10 21:04:45,Lora,Felons can’t vote for awhile,Lora,Felons can’t vote for awhile
2024-09-10 21:04:55,Great to be back ,:hand-orange-covering-eyes::hand-orange-covering-eyes:,Great to be back ,:hand-orange-covering-eyes::hand-orange-covering-eyes:
2024-09-10 21:05:08,younglink309,cemeteries for harris,younglink309,cemeteries for harris
2024-09-10 21:05:09,Truth,Democrats would crucify anyone even Christ ,Truth,Democrats would crucify anyone even Christ 
2024-09-10 21:05:11,Super Empath,Where's the trump harris debate??,Super Empath,Where's the trump harris debate??
2024-09-10 21:05:12,Robert Desmond,"Comrade Harris, won't answer a single question. Bable endlessly. Bafoon",Robert Desmond,"Comrade Harris, won't answer a single question. Bable endlessly. Bafoon"
2024-09-10 21:05:17,Jim Wilson,cats and dogs for Trump,GiratinaTech,"curt that's why they're here after all, they gotta replace that loyal voting base"
2024-09-10 21:05:17,GiratinaTech,"curt that's why they're here after all, they gotta replace that loyal voting base",GiratinaTech,"curt that's why they're here after all, they gotta replace that loyal voting base"
2024-09-10 21:05:24,Truth,Why volume drop?,Truth,Why volume drop?
2024-09-10 21:05:30,Emanuel N,LMAO he's against the EPA....how is going to have clean water?,Emanuel N,LMAO he's against the EPA....how is going to have clean water?
2024-09-10 21:05:36,Emanuel N,Please stop Trump,Emanuel N,Please stop Trump
2024-09-10 21:05:46,Truth,Trump cleaned up Flint dummy,Truth,Trump cleaned up Flint dummy
2024-09-10 21:05:47,younglink309,so you turn the volume up...then they do a jumpscare. as a fun goof,younglink309,so you turn the volume up...then they do a jumpscare. as a fun goof
2024-09-10 21:05:49,The Amazing Robin Hood,isn't it time for the new-new,The Amazing Robin Hood,isn't it time for the new-new
2024-09-10 21:05:51,HistoryGamez,"thats not the volume, that's just uncle Joe",HistoryGamez,"thats not the volume, that's just uncle Joe"
2024-09-10 21:05:57,John E Tucker Jr,just answer the question,John E Tucker Jr,just answer the question
2024-09-10 21:05:58,Truth,You are lost lol,Truth,You are lost lol
2024-09-10 21:06:00,Robert Desmond,Still have not forgotten about Big Mike and Barry Obama Bill Epstein island 52 times Clinton.,Robert Desmond,Still have not forgotten about Big Mike and Barry Obama Bill Epstein island 52 times Clinton.
2024-09-10 21:06:02,Emanuel N,Trump didn't clean up jack,Emanuel N,Trump didn't clean up jack
2024-09-10 21:06:09,GiratinaTech,what's your source saying he's against the epa,GiratinaTech,what's your source saying he's against the epa
2024-09-10 21:06:22,Monique White,The volume dropped cause no one wants to hear BS.,Monique White,The volume dropped cause no one wants to hear BS.
2024-09-10 21:06:26,younglink309,shame jack is still so dirty. Hope he gets a bath soon,younglink309,shame jack is still so dirty. Hope he gets a bath soon
2024-09-10 21:06:27,Teresa Worobetz,Obama made a deal with Canada during his term to access a % of our fresh water in case of disaster ,Teresa Worobetz,Obama made a deal with Canada during his term to access a % of our fresh water in case of disaster 
2024-09-10 21:06:31,Emanuel N,Cleanest water,Emanuel N,Cleanest water
2024-09-10 21:06:42,Reggie White Uncensored,The LGBT community and illegal immigrants are the only ones supporting the Democrats.,Reggie White Uncensored,The LGBT community and illegal immigrants are the only ones supporting the Democrats.
2024-09-10 21:06:51,Emanuel N,He's anti ENVIRONMENT ...but he's he's for the environment,Emanuel N,He's anti ENVIRONMENT ...but he's he's for the environment
2024-09-10 21:06:56,Robert Desmond,Mainstream media propaganda lies are treasonous. Gitmo swing awaits you.,Robert Desmond,Mainstream media propaganda lies are treasonous. Gitmo swing awaits you.
2024-09-10 21:07:07,Emanuel N,No he didn't ,Emanuel N,No he didn't 
2024-09-10 21:07:11,younglink309,did jack get dirty when i fell off that horse?,younglink309,did jack get dirty when i fell off that horse?
2024-09-10 21:07:18,Truth,Low IQ is not reachable through English language above 3rd grace level. ,Truth,Low IQ is not reachable through English language above 3rd grace level. 
2024-09-10 21:07:24,The Amazing Robin Hood,the actual debate is going on at ABC's channel,The Amazing Robin Hood,the actual debate is going on at ABC's channel
2024-09-10 21:07:29,Chevelle,I have read the Bible. I know how the world will be destroyed. It’s not Climate Change.,Chevelle,I have read the Bible. I know how the world will be destroyed. It’s not Climate Change.
2024-09-10 21:07:38,Truth,Low IQ is not reachable through English language above 3rd grade level.,The Amazing Robin Hood,"that's the link up there, see you folks later"
2024-09-10 21:07:38,The Amazing Robin Hood,"that's the link up there, see you folks later",The Amazing Robin Hood,"that's the link up there, see you folks later"
2024-09-10 21:07:44,Jim Wilson,the threat is globalist,Jim Wilson,the threat is globalist
2024-09-10 21:07:45,Super Empath,Chickens,Super Empath,Chickens
2024-09-10 21:07:59,Teresa Worobetz,He did because I was against it. We have the largest fresh water supply in the world ,Teresa Worobetz,He did because I was against it. We have the largest fresh water supply in the world 
2024-09-10 21:08:27,younglink309,aw. no chat over there,younglink309,aw. no chat over there
2024-09-10 21:08:32,Truth,Trump made us energy independent too .. then Biden ruined it,Truth,Trump made us energy independent too .. then Biden ruined it
2024-09-10 21:08:42,BLAKE PERDUE,THE CHAT IS ABOUT 9/11,BLAKE PERDUE,THE CHAT IS ABOUT 9/11
2024-09-10 21:08:54,Lora,Trump is rambling again first thing he talks about everything but what they ask,Lora,Trump is rambling again first thing he talks about everything but what they ask
2024-09-10 21:08:55,Truth,We used our own Oil under trump but Dems love to destroy anything good.,Truth,We used our own Oil under trump but Dems love to destroy anything good.
2024-09-10 21:09:02,Super Empath,you have a photo of the current debate. yet not showing the debate,Super Empath,you have a photo of the current debate. yet not showing the debate
2024-09-10 21:09:15,younglink309,oh shoot. i forgot...even after i promised I wouldn't,younglink309,oh shoot. i forgot...even after i promised I wouldn't
2024-09-10 21:09:22,Super Empath,Trumps not an open book,Super Empath,Trumps not an open book
2024-09-10 21:09:26,Truth,Yeah Im leaving for another channel,Truth,Yeah Im leaving for another channel
2024-09-10 21:09:27,Super Empath,plandemic,Super Empath,plandemic
2024-09-10 21:09:28,Truth,Peaec,Truth,Peaec
2024-09-10 21:09:30,Truth,Peace,Truth,Peace
2024-09-10 21:09:49,Super Empath,we were all scammed scamdemic,Super Empath,we were all scammed scamdemic
2024-09-10 21:10:13,Super Empath,no one has a plan,Super Empath,no one has a plan
2024-09-10 21:10:24,Lora,Tump left his open book on the shelf,Lora,Tump left his open book on the shelf
2024-09-10 21:10:44,scar,idc who wins i just want something to get done,scar,idc who wins i just want something to get done
2024-09-10 21:10:56,Super Empath,nothing gets done,Super Empath,nothing gets done
2024-09-10 21:11:03,BLAKE PERDUE,"Harris will enslave you, that will be done",BLAKE PERDUE,"Harris will enslave you, that will be done"
2024-09-10 21:11:31,Lora,Harris will make America the best,Lora,Harris will make America the best
2024-09-10 21:11:48,Super Empath,plan plan plan plan,Super Empath,plan plan plan plan
2024-09-10 21:12:04,scar,instead of a debate they should take all the candidates put them in a circle and have them pass around a blunt,scar,instead of a debate they should take all the candidates put them in a circle and have them pass around a blunt
2024-09-10 21:12:10,BLAKE PERDUE,"I'm a self made homeowner, she will destroy everything I've built",BLAKE PERDUE,"I'm a self made homeowner, she will destroy everything I've built"
2024-09-10 21:12:37,scar,HELPP HE SAID CĦÌÊŅÆ,scar,HELPP HE SAID CĦÌÊŅÆ
2024-09-10 21:12:41,BLAKE PERDUE,"lora, Harris will be my end",BLAKE PERDUE,"lora, Harris will be my end"
2024-09-10 21:12:43,Super Empath,build back better--you will own nothing and be happy,Super Empath,build back better--you will own nothing and be happy
2024-09-10 21:12:52,Lora,Run spot run here comes trump,Lora,Run spot run here comes trump
2024-09-10 21:12:56,WFAA,Here is a live look at our political team watching the debate along with y'all. We'll be bringing you analysis during breaks and afterwards as well.,scar,trump is a broken record 
2024-09-10 21:12:56,scar,trump is a broken record ,scar,trump is a broken record 
2024-09-10 21:12:59,Super Empath,just play the debate,Super Empath,just play the debate
2024-09-10 21:13:02,WFAA,Thanks everyone for sticking around!,BLAKE PERDUE,"I'm not letting people like take that away, lora"
2024-09-10 21:13:02,BLAKE PERDUE,"I'm not letting people like take that away, lora",BLAKE PERDUE,"I'm not letting people like take that away, lora"
2024-09-10 21:13:09,scar,im sorry he has some good points sometimes like last debate,scar,im sorry he has some good points sometimes like last debate
2024-09-10 21:13:10,Victoria Spencer,Finally open chat that isn't blocked,Victoria Spencer,Finally open chat that isn't blocked
2024-09-10 21:13:12,Lora,No Perdue you need to listen to her,Lora,No Perdue you need to listen to her
2024-09-10 21:13:26,Super Empath,tremendous numbers,Super Empath,tremendous numbers
2024-09-10 21:13:51,Lora,I eat bacon all the time,Lora,I eat bacon all the time
2024-09-10 21:13:55,scar,ameraca rahhhh ,scar,ameraca rahhhh 
2024-09-10 21:14:01,BLAKE PERDUE,"listen? she wants to destroy the middle class. I, a minority got here with blood sweat and tears. you know how many countless hours I've spent working?!?!",BLAKE PERDUE,"listen? she wants to destroy the middle class. I, a minority got here with blood sweat and tears. you know how many countless hours I've spent working?!?!"
2024-09-10 21:14:19,Jason Post,What kinda flag is that lol ^,Jason Post,What kinda flag is that lol ^
2024-09-10 21:14:36,Super Empath,Neither,Super Empath,Neither
2024-09-10 21:14:37,BLAKE PERDUE,"my bones ache, and she will take away everything I've built",BLAKE PERDUE,"my bones ache, and she will take away everything I've built"
2024-09-10 21:14:38,scar,exactly,scar,exactly
2024-09-10 21:14:56,Baps life,Trump 2024 ,Big bird,what kind of pole is that? the debate hasn't started yet
2024-09-10 21:14:56,Big bird,what kind of pole is that? the debate hasn't started yet,Big bird,what kind of pole is that? the debate hasn't started yet
2024-09-10 21:14:59,Carson Wallace,dude they ain't showing us it,Carson Wallace,dude they ain't showing us it
2024-09-10 21:15:11,Super Empath,The debate is live now,Super Empath,The debate is live now
2024-09-10 21:15:18,Chevelle,"How can I vote on the debate, it hasn’t started yet ",Chevelle,"How can I vote on the debate, it hasn’t started yet "
2024-09-10 21:15:29,BLAKE PERDUE,Lora Harris will take everything away from me,BLAKE PERDUE,Lora Harris will take everything away from me
2024-09-10 21:15:35,Jason Post,NBC news has it live on YouTube ,Carson Wallace,other other YouTube channels that's already live streaming it just go to a different one
2024-09-10 21:15:35,Carson Wallace,other other YouTube channels that's already live streaming it just go to a different one,Carson Wallace,other other YouTube channels that's already live streaming it just go to a different one
2024-09-10 21:15:41,scar,if you go to the home tab and then the live tab its the first one that pops up,scar,if you go to the home tab and then the live tab its the first one that pops up
2024-09-10 21:15:42,kozziarts,everyone wants the first female presidant in the books that they dont see how terrible harris is ,kozziarts,everyone wants the first female presidant in the books that they dont see how terrible harris is 
2024-09-10 21:15:58,Super Empath,I am woman,Super Empath,I am woman
2024-09-10 21:16:10,Carson Wallace,please show the debate I'm late for the debate,Carson Wallace,please show the debate I'm late for the debate
2024-09-10 21:16:19,scar,its funny watching whoever isnt talking,scar,its funny watching whoever isnt talking
2024-09-10 21:16:25,Jason Post,Nothing huge yet ,Jason Post,Nothing huge yet 
2024-09-10 21:16:27,kozziarts,i really hate how they cut trump off like that ,kozziarts,i really hate how they cut trump off like that 
2024-09-10 21:16:40,Lora,Trump is a criminal,Lora,Trump is a criminal
2024-09-10 21:16:44,Cathleen Toure,is the debate over?,Cathleen Toure,is the debate over?
2024-09-10 21:16:59,scar,can someone sedate trump pls this has to be elderly abuse,scar,can someone sedate trump pls this has to be elderly abuse
2024-09-10 21:17:01,Lora,Just started,Lora,Just started
2024-09-10 21:17:11,Carson Wallace,put in the middle of the debate,Carson Wallace,put in the middle of the debate
2024-09-10 21:17:13,Super Empath,Where,Super Empath,Where
2024-09-10 21:17:20,Carson Wallace,I think it's weird in the middle,Carson Wallace,I think it's weird in the middle
2024-09-10 21:17:23,Super Empath,Execute?,Super Empath,Execute?
2024-09-10 21:17:26,Cathleen Toure,has the candidates came on? I'm late,Cathleen Toure,has the candidates came on? I'm late
2024-09-10 21:17:32,WFAA,This is our watch-along stream with the debate. We'll keep this stream and chat open throughout the debate. Then we'll have a post-debate analysis show afterwards.,WFAA,This is our watch-along stream with the debate. We'll keep this stream and chat open throughout the debate. Then we'll have a post-debate analysis show afterwards.
2024-09-10 21:17:33,Lora,No Perdue that’s trump,Lora,No Perdue that’s trump
2024-09-10 21:17:40,Carson Wallace,go to ABC News,Carson Wallace,go to ABC News
2024-09-10 21:18:02,Super Empath,abc doesn't have a live chat,Super Empath,abc doesn't have a live chat
2024-09-10 21:18:04,Cathleen Toure,okay thanks,Cathleen Toure,okay thanks
2024-09-10 21:18:19,Super Empath,Ronnie is dead,Super Empath,Ronnie is dead
2024-09-10 21:18:26,Jason Post,I’m watching nbc live debate on tv and on chat here! ,Jason Post,I’m watching nbc live debate on tv and on chat here! 
2024-09-10 21:18:30,Carson Wallace,but it showed it,Carson Wallace,but it showed it
2024-09-10 21:18:37,Jason Post,Recommend y’all do the same ,Jason Post,Recommend y’all do the same 
2024-09-10 21:18:41,WFAA,@Jason Post We appreciate you!,WFAA,@Jason Post We appreciate you!
2024-09-10 21:19:08,Carson Wallace,everybody go to NBC,Carson Wallace,everybody go to NBC
2024-09-10 21:19:15,scar,nobody’s saying to execute a baby bro people say they couldve cured cancer but same thing about criminals ,scar,nobody’s saying to execute a baby bro people say they couldve cured cancer but same thing about criminals 
2024-09-10 21:19:16,Super Empath,Great Jason Post! Where there's a will there's a way,Super Empath,Great Jason Post! Where there's a will there's a way
2024-09-10 21:19:20,Jason Post,^^,Jason Post,^^
2024-09-10 21:19:28,scar,she just humbled trump lol,scar,she just humbled trump lol
2024-09-10 21:19:44,Alex,Trump will fix America,Alex,Trump will fix America
2024-09-10 21:20:02,scar,she said “in no state is it legal to execute a baby” after he ranted about it lmaoo,scar,she said “in no state is it legal to execute a baby” after he ranted about it lmaoo
2024-09-10 21:20:04,Carson Wallace,go to NBC,Carson Wallace,go to NBC
2024-09-10 21:20:20,Jason Post,^,Jason Post,^
2024-09-10 21:21:07,Moonbeam127 TMiller,maybe Donaqld Trump will help in Saving some Women's SOULS!!,Moonbeam127 TMiller,maybe Donaqld Trump will help in Saving some Women's SOULS!!
2024-09-10 21:21:13,Super Empath,love the fetus. hate the child,Super Empath,love the fetus. hate the child
2024-09-10 21:21:27,Super Empath,freedom baby,Super Empath,freedom baby
2024-09-10 21:21:29,Steve Grant,Kamala 100 million votes easy,Steve Grant,Kamala 100 million votes easy
2024-09-10 21:21:32,Carson Wallace,NBC is showing it and has a live chat,Carson Wallace,NBC is showing it and has a live chat
2024-09-10 21:21:33,Jason Post,Yo she’s buggin rn :face_with_tears_of_joy: he just said abortion is alright and she’s saying he wants them dying in a parking lot WTF ,Jason Post,Yo she’s buggin rn :face_with_tears_of_joy: he just said abortion is alright and she’s saying he wants them dying in a parking lot WTF 
2024-09-10 21:21:42,Peter Poprafsky,DUMP TRUMP,Peter Poprafsky,DUMP TRUMP
2024-09-10 21:21:52,Carson Wallace,yeah she did,Carson Wallace,yeah she did
2024-09-10 21:22:06,Peter Poprafsky,LIAR TRUMP,Peter Poprafsky,LIAR TRUMP
2024-09-10 21:22:28,Super Empath,NBC only viewers SELECTED by the channel. ,Super Empath,NBC only viewers SELECTED by the channel. 
2024-09-10 21:22:41,Jason Post,Wait a minute… where’s that Detroit accent ? ,Jason Post,Wait a minute… where’s that Detroit accent ? 
2024-09-10 21:22:43,Nicole Trew,kamala is just as bad as hillary TBH ,Nicole Trew,kamala is just as bad as hillary TBH 
2024-09-10 21:22:50,Super Empath,boss baby,Super Empath,boss baby
2024-09-10 21:23:01,scar,PFFFFT,scar,PFFFFT
2024-09-10 21:23:29,Jason Post,YALL GOTTA THANK A UNION WORKAH ,Jason Post,YALL GOTTA THANK A UNION WORKAH 
2024-09-10 21:23:35,Super Empath,jimmy Dore is having a live chat,Super Empath,jimmy Dore is having a live chat
2024-09-10 21:23:52,Carson Wallace,Trump is destroyed Kabbalah,Carson Wallace,Trump is destroyed Kabbalah
2024-09-10 21:24:32,Super Empath,This debate is insulting,Super Empath,This debate is insulting
2024-09-10 21:25:04,Super Empath,I'm 63 and have heard this over and over again,Super Empath,I'm 63 and have heard this over and over again
2024-09-10 21:25:39,Carson Wallace,I don't care about pregnant woman,Carson Wallace,I don't care about pregnant woman
2024-09-10 21:26:01,Carson Wallace,I care about the economy I care about the wars are going on,Carson Wallace,I care about the economy I care about the wars are going on
2024-09-10 21:26:04,susanajackie02,Lmaooo Trump is crushing her :face_with_tears_of_joy::face_with_tears_of_joy::face_with_tears_of_joy::face_with_tears_of_joy::face_with_tears_of_joy::face_with_tears_of_joy::face_with_tears_of_joy::face_with_tears_of_joy::face_with_tears_of_joy::face_with_tears_of_joy::face_with_tears_of_joy::face_with_tears_of_joy::face_with_tears_of_joy::face_with_tears_of_joy::face_with_tears_of_joy::face_with_tears_of_joy::face_with_tears_of_joy::face_with_tears_of_joy:,Jason Post,That’s crazy^
2024-09-10 21:26:04,Jason Post,That’s crazy^,Jason Post,That’s crazy^
2024-09-10 21:26:19,Super Empath,move on from abortion. you could care less about women,Super Empath,move on from abortion. you could care less about women
2024-09-10 21:26:24,Carson Wallace,the arguing right now,Carson Wallace,the arguing right now
2024-09-10 21:26:40,Jason Post,HERE WE GO ,susanajackie02,Only idiots can continue in the same path:clown_face::clown_face::clown_face::clown_face::clown_face::clown_face::clown_face::clown_face::clown_face::clown_face::clown_face::clown_face::clown_face:
2024-09-10 21:26:40,susanajackie02,Only idiots can continue in the same path:clown_face::clown_face::clown_face::clown_face::clown_face::clown_face::clown_face::clown_face::clown_face::clown_face::clown_face::clown_face::clown_face:,susanajackie02,Only idiots can continue in the same path:clown_face::clown_face::clown_face::clown_face::clown_face::clown_face::clown_face::clown_face::clown_face::clown_face::clown_face::clown_face::clown_face:
2024-09-10 21:26:52,Carson Wallace,we need to talk about the economy we need to talk about wars we need to talk about anything but not pregnant woman,Carson Wallace,we need to talk about the economy we need to talk about wars we need to talk about anything but not pregnant woman
2024-09-10 21:27:07,SOVEREIGNDesigns,did i miss the clown ,SOVEREIGNDesigns,did i miss the clown 
2024-09-10 21:27:11,Carson Wallace,women have already enough rights,Carson Wallace,women have already enough rights
2024-09-10 21:27:24,KingBrownie,Gulp I’m excited,KingBrownie,Gulp I’m excited
2024-09-10 21:27:34,Carson Wallace,we have bigger problems that we need to talk about,Carson Wallace,we have bigger problems that we need to talk about
2024-09-10 21:27:36,Super Empath,Here it comes,Super Empath,Here it comes
2024-09-10 21:27:55,Carson Wallace,she starts talking about drugs,Carson Wallace,she starts talking about drugs
2024-09-10 21:27:58,scar,i really do hope they actually do something about the fentanyl crisis,scar,i really do hope they actually do something about the fentanyl crisis
2024-09-10 21:28:07,SOVEREIGNDesigns,i lil late wtf,SOVEREIGNDesigns,i lil late wtf
2024-09-10 21:28:08,Jason Post,Amen^,Jason Post,Amen^
2024-09-10 21:28:16,Carson Wallace,that's a small thing but yeah,Carson Wallace,that's a small thing but yeah
2024-09-10 21:28:27,Super Empath,The people putting out the drugs are never going to stop,Super Empath,The people putting out the drugs are never going to stop
2024-09-10 21:28:43,Carson Wallace,but we got to close the borders forever to that to stop it's all the Mexicans,Carson Wallace,but we got to close the borders forever to that to stop it's all the Mexicans
2024-09-10 21:28:49,Don Oshay,Boooo kamliar we don’t like you ,Carson Wallace,never get a legal drugs to us
2024-09-10 21:28:49,Carson Wallace,never get a legal drugs to us,Carson Wallace,never get a legal drugs to us
2024-09-10 21:28:50,SOVEREIGNDesigns,live .... ppl at a desk ....... :),SOVEREIGNDesigns,live .... ppl at a desk ....... :)
2024-09-10 21:29:35,Carson Wallace,I think we should talk about the economy I can afford for gas,Carson Wallace,I think we should talk about the economy I can afford for gas
2024-09-10 21:29:41,Carson Wallace,can't,Carson Wallace,can't
2024-09-10 21:29:43,SOVEREIGNDesigns,do i have to pic in pic to comment live .... LAME,SOVEREIGNDesigns,do i have to pic in pic to comment live .... LAME
2024-09-10 21:29:50,scar,"thats true it can never truly be fixed hopefully just better, i know some ppl who have died to fentanyl :broken_heart:",scar,"thats true it can never truly be fixed hopefully just better, i know some ppl who have died to fentanyl :broken_heart:"
2024-09-10 21:30:08,Fluorescent,Kamala L,Fluorescent,Kamala L
2024-09-10 21:30:10,Carson Wallace,it is sad to how many people died by it,Carson Wallace,it is sad to how many people died by it
2024-09-10 21:30:14,Don Oshay,We don’t want food stamps we want a better country ,Don Oshay,We don’t want food stamps we want a better country 
2024-09-10 21:30:14,Jason Post,That’s a personal problem G gas has been below 3$ a gallon where I live for a couple weeks ,Don Oshay,We don’t want food stamps we want a better country 
2024-09-10 21:30:15,Super Empath,WTF,Super Empath,WTF
2024-09-10 21:30:22,Carson Wallace,because I stick it to food and it's addicting,Carson Wallace,because I stick it to food and it's addicting
2024-09-10 21:30:39,Super Empath,we've never been great,Super Empath,we've never been great
2024-09-10 21:30:52,Carson Wallace,170 dollars for groceries,Carson Wallace,170 dollars for groceries
2024-09-10 21:31:03,Super Empath,that's funny,Super Empath,that's funny
2024-09-10 21:31:06,Carson Wallace,sometimes 200,Carson Wallace,sometimes 200
2024-09-10 21:31:15,Surreal Idiot,donald trump is slow af,Surreal Idiot,donald trump is slow af
2024-09-10 21:31:16,Fluorescent,We elected a guy who lost a fight with his jacket x3,GHOULIO,did he really just say theyre eating our pets?!?!?
2024-09-10 21:31:16,GHOULIO,did he really just say theyre eating our pets?!?!?,GHOULIO,did he really just say theyre eating our pets?!?!?
2024-09-10 21:31:18,Jason Post,For how many people?,Jason Post,For how many people?
2024-09-10 21:31:20,KingBrownie,Trump legalizes opioids :money_mouth_face::money_mouth_face::money_mouth_face::money_mouth_face:,KingBrownie,Trump legalizes opioids :money_mouth_face::money_mouth_face::money_mouth_face::money_mouth_face:
2024-09-10 21:31:29,scar,LMAOO MY DAD JUST TEXTED ME AND TOLD ME TO HIDE MY CAT,scar,LMAOO MY DAD JUST TEXTED ME AND TOLD ME TO HIDE MY CAT
2024-09-10 21:31:37,Jason Post,I think he did tbh that’s nuts ,Jason Post,I think he did tbh that’s nuts 
2024-09-10 21:31:48,scar,this is insane,scar,this is insane
2024-09-10 21:31:51,Carson Wallace,oh s*** hide the cat,Carson Wallace,oh s*** hide the cat
2024-09-10 21:32:06,Carson Wallace,hide my dogs my two cats,Carson Wallace,hide my dogs my two cats
2024-09-10 21:32:09,Lora,You know how to tell if trump is lying he can’t look Harris in the eyes,Lora,You know how to tell if trump is lying he can’t look Harris in the eyes
2024-09-10 21:32:10,Surreal Idiot,i hate this music,Surreal Idiot,i hate this music
2024-09-10 21:32:12,susanajackie02,Lmfaooo hide your pets :dog2::cat2::dog2::cat2:,susanajackie02,Lmfaooo hide your pets :dog2::cat2::dog2::cat2:
2024-09-10 21:32:40,scar,omg really it makes it more dramatic,Carson Wallace,they can't survive with you Kim
2024-09-10 21:32:40,Carson Wallace,they can't survive with you Kim,Carson Wallace,they can't survive with you Kim
2024-09-10 21:32:44,scar,xD,scar,xD
2024-09-10 21:32:49,Fluorescent,do you guys like furries x3,Carson Wallace,Cabo Harrison
2024-09-10 21:32:49,Carson Wallace,Cabo Harrison,Carson Wallace,Cabo Harrison
2024-09-10 21:33:04,SOVEREIGNDesigns,wffa killing their own channel,SOVEREIGNDesigns,wffa killing their own channel
2024-09-10 21:33:06,Jason Post,"Furries, medium rare",Jason Post,"Furries, medium rare"
2024-09-10 21:33:12,Carson Wallace,we're talking about the debate not furries,Carson Wallace,we're talking about the debate not furries
2024-09-10 21:33:19,Lora,The only person the they said. That ate a cat was an American woman on drugs only one ,Lora,The only person the they said. That ate a cat was an American woman on drugs only one 
2024-09-10 21:33:25,Carson Wallace,focus on the debate,Carson Wallace,focus on the debate
2024-09-10 21:33:29,Jason Post,Wtf are you eating then?,Jason Post,Wtf are you eating then?
2024-09-10 21:33:36,Lora,lol lol lol,Lora,lol lol lol
2024-09-10 21:33:37,Fluorescent,Are furries worse than the guy who got defeated by the stairs x3,Fluorescent,Are furries worse than the guy who got defeated by the stairs x3
2024-09-10 21:33:41,Carson Wallace,true you got more votes than any Republican,Carson Wallace,true you got more votes than any Republican
2024-09-10 21:33:48,scar,trump needs to fix the tab please god he looks like a spoiled lemon,scar,trump needs to fix the tab please god he looks like a spoiled lemon
2024-09-10 21:33:53,Carson Wallace,finally we're talking about integration,Carson Wallace,finally we're talking about integration
2024-09-10 21:33:56,James Jones,I'm a Democrat and I really wish she would have done better but I guess it's difficult when the country is in sham.,James Jones,I'm a Democrat and I really wish she would have done better but I guess it's difficult when the country is in sham.
2024-09-10 21:33:57,Jason Post,I’d rather eat stairs ,Jason Post,I’d rather eat stairs 
2024-09-10 21:34:07,Gummidroptop,"Lay out your policy Kamala, just keep attacking Trump. ",Gummidroptop,"Lay out your policy Kamala, just keep attacking Trump. "
2024-09-10 21:34:17,KingBrownie,When debate start,SOVEREIGNDesigns,lol 
2024-09-10 21:34:17,SOVEREIGNDesigns,lol ,SOVEREIGNDesigns,lol 
2024-09-10 21:34:20,Lora,The country isn’t is shams ,Lora,The country isn’t is shams 
2024-09-10 21:34:29,SOVEREIGNDesigns,g13 is comming for you LMAO,SOVEREIGNDesigns,g13 is comming for you LMAO
2024-09-10 21:34:41,Carson Wallace,it's already started just go to NBC,Carson Wallace,it's already started just go to NBC
2024-09-10 21:34:44,SOVEREIGNDesigns,never happend,SOVEREIGNDesigns,never happend
2024-09-10 21:34:51,Cashmoney ,Wym shams u know she is the go for the past 4 years ,Cashmoney ,Wym shams u know she is the go for the past 4 years 
2024-09-10 21:34:53,Fluorescent,Make Gaming Great Again x3,Fluorescent,Make Gaming Great Again x3
2024-09-10 21:34:57,James Jones,to blame trump for the immigration problem is wildly dishonest,James Jones,to blame trump for the immigration problem is wildly dishonest
2024-09-10 21:34:58,KingBrownie,Okay ,KingBrownie,Okay 
2024-09-10 21:35:16,scar,it probably stank in there,scar,it probably stank in there
2024-09-10 21:35:22,James Jones,really?,James Jones,really?
2024-09-10 21:35:26,SOVEREIGNDesigns,"if you dont have two screen , resize",SOVEREIGNDesigns,"if you dont have two screen , resize"
2024-09-10 21:35:30,Gummidroptop,"Trump states facts, she attacks Trump. ",Gummidroptop,"Trump states facts, she attacks Trump. "
2024-09-10 21:35:37,KingBrownie,Trump legalizes trump :money_mouth_face::money_mouth_face::money_mouth_face:,KingBrownie,Trump legalizes trump :money_mouth_face::money_mouth_face::money_mouth_face:
2024-09-10 21:35:38,Carson Wallace,they're just going to go door-to-door are you Mexican are you Mexican,Carson Wallace,they're just going to go door-to-door are you Mexican are you Mexican
2024-09-10 21:35:39,Fluorescent,I wonder if Kamala has heard about the Vaporeon Copypasta only real presidents know the truth about Vaporeon x3,Fluorescent,I wonder if Kamala has heard about the Vaporeon Copypasta only real presidents know the truth about Vaporeon x3
2024-09-10 21:35:47,James Jones,that's dishonest to say the country isn't in shambles,James Jones,that's dishonest to say the country isn't in shambles
2024-09-10 21:35:49,SOVEREIGNDesigns,this dudes a fruad,SOVEREIGNDesigns,this dudes a fruad
2024-09-10 21:35:52,Jason Post,:face_with_tears_of_joy::face_with_tears_of_joy::face_with_tears_of_joy:,Jason Post,:face_with_tears_of_joy::face_with_tears_of_joy::face_with_tears_of_joy:
2024-09-10 21:35:58,scar,of 𝔬𝔩𝔡𝔫𝔢𝔰𝔰,scar,of 𝔬𝔩𝔡𝔫𝔢𝔰𝔰
2024-09-10 21:36:02,SINPER FOREX,camabla coin stroink,SINPER FOREX,camabla coin stroink
2024-09-10 21:36:06,scar,omg shes eating him up,scar,omg shes eating him up
2024-09-10 21:36:09,SOVEREIGNDesigns,doesnt pay is own debts,SOVEREIGNDesigns,doesnt pay is own debts
2024-09-10 21:36:09,SOVEREIGNDesigns,doesnt pay is own debts,SOVEREIGNDesigns,doesnt pay is own debts
2024-09-10 21:36:13,Travis,lmao yeah let's do this after we a,Travis,lmao yeah let's do this after we a
2024-09-10 21:36:13,Travis,lmao yeah let's do this after we a,Travis,lmao yeah let's do this after we a
2024-09-10 21:36:16,KingBrownie,Trump legalizes Kamala Harris :money_mouth_face::money_mouth_face::money_mouth_face:,scar,the bg music should be brat lmaoo
2024-09-10 21:36:16,Lora,Big fraud ,scar,the bg music should be brat lmaoo
2024-09-10 21:36:16,KingBrownie,Trump legalizes Kamala Harris :money_mouth_face::money_mouth_face::money_mouth_face:,scar,the bg music should be brat lmaoo
2024-09-10 21:36:16,Lora,Big fraud ,scar,the bg music should be brat lmaoo
2024-09-10 21:36:16,Jason Post,English or Spanish :eyes:,scar,the bg music should be brat lmaoo
2024-09-10 21:36:16,scar,the bg music should be brat lmaoo,scar,the bg music should be brat lmaoo
2024-09-10 21:36:16,scar,the bg music should be brat lmaoo,scar,the bg music should be brat lmaoo
2024-09-10 21:36:16,Jason Post,English or Spanish :eyes:,scar,the bg music should be brat lmaoo
2024-09-10 21:36:31,Carson Wallace,start fun fact if you stack our debt in pennies it could reach the Pluto,Carson Wallace,start fun fact if you stack our debt in pennies it could reach the Pluto
2024-09-10 21:36:31,Carson Wallace,start fun fact if you stack our debt in pennies it could reach the Pluto,Carson Wallace,start fun fact if you stack our debt in pennies it could reach the Pluto
2024-09-10 21:36:47,Fluorescent,Do you guys like Vaporeon x3,Fluorescent,Do you guys like Vaporeon x3
2024-09-10 21:36:47,Fluorescent,Do you guys like Vaporeon x3,Fluorescent,Do you guys like Vaporeon x3
2024-09-10 21:36:48,D Ford,Stay the course Mr President. Their record speaks for itself. Stay in the lane.,D Ford,Stay the course Mr President. Their record speaks for itself. Stay in the lane.
2024-09-10 21:36:48,D Ford,Stay the course Mr President. Their record speaks for itself. Stay in the lane.,D Ford,Stay the course Mr President. Their record speaks for itself. Stay in the lane.
2024-09-10 21:36:56,KingBrownie,Gang who better Kamaal Harris or trump,KingBrownie,Gang who better Kamaal Harris or trump
2024-09-10 21:36:56,KingBrownie,Gang who better Kamaal Harris or trump,KingBrownie,Gang who better Kamaal Harris or trump
2024-09-10 21:37:01,Pax Arias,She sounds like she's gonna cry loool,Pax Arias,She sounds like she's gonna cry loool
2024-09-10 21:37:01,Pax Arias,She sounds like she's gonna cry loool,Pax Arias,She sounds like she's gonna cry loool
2024-09-10 21:37:10,James Jones,I'm a democratic and I wish we could have come up with a decent candidate,James Jones,I'm a democratic and I wish we could have come up with a decent candidate
2024-09-10 21:37:18,Pax Arias,She's too emotionally weak to be a leader.,Pax Arias,She's too emotionally weak to be a leader.
2024-09-10 21:37:19,KingBrownie,I don’t know politics I’m just forced to watch this,KingBrownie,I don’t know politics I’m just forced to watch this
2024-09-10 21:37:28,SOVEREIGNDesigns,hes going to have a heart attack on national tb LOL,SOVEREIGNDesigns,hes going to have a heart attack on national tb LOL
2024-09-10 21:37:30,James Jones,wow look at the poll,James Jones,wow look at the poll
2024-09-10 21:37:31,Super Empath,her speech sounds familiar,Super Empath,her speech sounds familiar
2024-09-10 21:37:33,Gummidroptop,Well then address it then. Tell me your plan ,Fluorescent,Kamala Harris probably dosen't know what the funny number is like 69 x3
2024-09-10 21:37:33,Fluorescent,Kamala Harris probably dosen't know what the funny number is like 69 x3,Fluorescent,Kamala Harris probably dosen't know what the funny number is like 69 x3
2024-09-10 21:37:48,Lora,Arias she is a strong woman you are the weak one,Lora,Arias she is a strong woman you are the weak one
2024-09-10 21:37:49,Dustin Jackson,MAGA= Make america great again??? For who? white people? when have the black communities had a great america?,Dustin Jackson,MAGA= Make america great again??? For who? white people? when have the black communities had a great america?
2024-09-10 21:37:54,Gummidroptop,Let’s hear your “plans” then Kamala,Fluorescent,Only true presidents make the 69 joke x3
2024-09-10 21:37:54,Fluorescent,Only true presidents make the 69 joke x3,Fluorescent,Only true presidents make the 69 joke x3
2024-09-10 21:38:02,SOVEREIGNDesigns,dude you are a criminal,SOVEREIGNDesigns,dude you are a criminal
2024-09-10 21:38:11,James Jones,how will other world leaders respect her?,Andrew D,both are mudshovels
2024-09-10 21:38:11,Andrew D,both are mudshovels,Andrew D,both are mudshovels
2024-09-10 21:38:13,scar,guys can we talk about david muir he lookin mighty fine tn,scar,guys can we talk about david muir he lookin mighty fine tn
2024-09-10 21:38:20,SOVEREIGNDesigns,morallity wins .,SOVEREIGNDesigns,morallity wins .
2024-09-10 21:38:22,Fluorescent,is dating a fictional anime loli a crime x3,Fluorescent,is dating a fictional anime loli a crime x3
2024-09-10 21:38:28,Lora,She has been telling you the plans open your ears,Lora,She has been telling you the plans open your ears
2024-09-10 21:38:38,scar,oh real,James Jones,we should have found a better candidate
2024-09-10 21:38:38,James Jones,we should have found a better candidate,James Jones,we should have found a better candidate
2024-09-10 21:38:44,SOVEREIGNDesigns,yep king president IS SOME Serious BS ,SOVEREIGNDesigns,yep king president IS SOME Serious BS 
2024-09-10 21:39:00,Andrew D,silent pills for all lawmakers,Andrew D,silent pills for all lawmakers
2024-09-10 21:39:14,SOVEREIGNDesigns,hid daddy was a criminal ,SOVEREIGNDesigns,hid daddy was a criminal 
2024-09-10 21:39:17,Fluorescent,uwu,Fluorescent,uwu
2024-09-10 21:39:28,WFAA,"The four experts you'll be hearing from are our two WFAA political experts, Jason Whitely and Jason Wheeler...",WFAA,"The four experts you'll be hearing from are our two WFAA political experts, Jason Whitely and Jason Wheeler..."
2024-09-10 21:39:31,SOVEREIGNDesigns,cut his mic,SOVEREIGNDesigns,cut his mic
2024-09-10 21:39:36,WFAA,"...along with Jennifer Stoddard-Hajdu, former Dallas County GOP Chairwoman and Delia Parker Mims, Denton County Democratic Chairwoman.",WFAA,"...along with Jennifer Stoddard-Hajdu, former Dallas County GOP Chairwoman and Delia Parker Mims, Denton County Democratic Chairwoman."
2024-09-10 21:39:39,Gummidroptop,she protecting what they just did ,Gummidroptop,she protecting what they just did 
2024-09-10 21:39:55,Fluorescent,Do you guys like Lopunny x3,Fluorescent,Do you guys like Lopunny x3
2024-09-10 21:40:02,James Jones,how are you guys worried that Trump is going to weaponize the government against his political opponents when that is exactly what they are doing to him,James Jones,how are you guys worried that Trump is going to weaponize the government against his political opponents when that is exactly what they are doing to him
2024-09-10 21:40:04,Cain Can,She’s actually answering questions and details trump is all over the place praising him self ,Cain Can,She’s actually answering questions and details trump is all over the place praising him self 
2024-09-10 21:40:13,SOVEREIGNDesigns,fracking is some BS though,SOVEREIGNDesigns,fracking is some BS though
2024-09-10 21:40:19,Super Empath,fracking?,Super Empath,fracking?
2024-09-10 21:40:25,Gummidroptop,"She’s attacking Trump, are you deaf? ",Gummidroptop,"She’s attacking Trump, are you deaf? "
2024-09-10 21:40:38,scar,are you chris chan or are you normal i cant tell,scar,are you chris chan or are you normal i cant tell
2024-09-10 21:40:39,Fluorescent,Are zoophiles bad x3,Fluorescent,Are zoophiles bad x3
2024-09-10 21:41:01,Fluorescent,I thought zoophiles were people who liked zoo animals x3,SOVEREIGNDesigns,half these ppl arent smart enough to open a secons tab
2024-09-10 21:41:01,SOVEREIGNDesigns,half these ppl arent smart enough to open a secons tab,SOVEREIGNDesigns,half these ppl arent smart enough to open a secons tab
2024-09-10 21:41:04,SOVEREIGNDesigns,....,The cool Supreme ,If trump wins I’m going to Europe 
2024-09-10 21:41:04,The cool Supreme ,If trump wins I’m going to Europe ,The cool Supreme ,If trump wins I’m going to Europe 
2024-09-10 21:41:10,scar,oh !!,scar,oh !!
2024-09-10 21:41:18,Jason Post,Ban ^?,Jason Post,Ban ^?
2024-09-10 21:41:34,Stealth WolfSSL,"What I see is, both respect ",Stealth WolfSSL,"What I see is, both respect "
2024-09-10 21:41:37,SOVEREIGNDesigns,do it,SOVEREIGNDesigns,do it
2024-09-10 21:41:41,Gummidroptop,Taxes on tips ,Gummidroptop,Taxes on tips 
2024-09-10 21:41:50,name,@The cool Supreme real,name,@The cool Supreme real
2024-09-10 21:41:51,Fluorescent,Why is giving a horse a kiss bad? x3,Fluorescent,Why is giving a horse a kiss bad? x3
2024-09-10 21:42:01,Andrew D,I wish,Pax Arias,@The cool Supreme You won't be missed
2024-09-10 21:42:01,Pax Arias,@The cool Supreme You won't be missed,Pax Arias,@The cool Supreme You won't be missed
2024-09-10 21:42:08,scar,sighs,scar,sighs
2024-09-10 21:42:10,Jason Post,Ban?^,Jason Post,Ban?^
2024-09-10 21:42:13,susanajackie02,"I’m Voting for that smart, tough Felon ",susanajackie02,"I’m Voting for that smart, tough Felon "
2024-09-10 21:42:21,SOVEREIGNDesigns,father was a crinmainal look it up,SOVEREIGNDesigns,father was a crinmainal look it up
2024-09-10 21:42:26,SOVEREIGNDesigns,kushner too,SOVEREIGNDesigns,kushner too
2024-09-10 21:42:32,scar,is anyone else hungry ,scar,is anyone else hungry 
2024-09-10 21:42:43,Bessie Nelson,"“A Better candidate!”, he’s lying like crazy and no stopping him, he’s a lunatic, if you want to live in a communist world, have at it, you’re going to find out the real facts once he gets in office.",Bessie Nelson,"“A Better candidate!”, he’s lying like crazy and no stopping him, he’s a lunatic, if you want to live in a communist world, have at it, you’re going to find out the real facts once he gets in office."
2024-09-10 21:42:45,Super Empath,defund all of you,Super Empath,defund all of you
2024-09-10 21:42:47,scar,OOP,scar,OOP
2024-09-10 21:42:50,Fluorescent,Boy do I love my Pokémon my friends with benefits x3,Fluorescent,Boy do I love my Pokémon my friends with benefits x3
2024-09-10 21:42:52,scar,TRUMP JUST GOT SASSYY,scar,TRUMP JUST GOT SASSYY
2024-09-10 21:43:05,scar,alright chris chan,scar,alright chris chan
2024-09-10 21:43:07,SOVEREIGNDesigns,ead . tlk over him . hes done it all night,SOVEREIGNDesigns,ead . tlk over him . hes done it all night
2024-09-10 21:43:08,scar,oh god,scar,oh god
2024-09-10 21:43:31,Super Empath,that's hilarious,Super Empath,that's hilarious
2024-09-10 21:43:34,Fluorescent,Dear Lord lead us not into wokeism x3,Fluorescent,Dear Lord lead us not into wokeism x3
2024-09-10 21:43:35,scar,guys im going to the grocery store :convenience_store::wastebasket: what do yall want,scar,guys im going to the grocery store :convenience_store::wastebasket: what do yall want
2024-09-10 21:43:53,urmailman,kamala panders lies and fear,urmailman,kamala panders lies and fear
2024-09-10 21:43:57,Andrew D,murka,Andrew D,murka
2024-09-10 21:43:58,Bryce From Nowhere,I need some coffee,Bryce From Nowhere,I need some coffee
2024-09-10 21:44:21,SOVEREIGNDesigns,back to the norm ,SOVEREIGNDesigns,back to the norm 
2024-09-10 21:44:35,SOVEREIGNDesigns,lol desert soil,SOVEREIGNDesigns,lol desert soil
2024-09-10 21:44:40,SOVEREIGNDesigns,thats sand bro,SOVEREIGNDesigns,thats sand bro
2024-09-10 21:44:52,Fluorescent,Would you guys marry a Pokémon x3,Fluorescent,Would you guys marry a Pokémon x3
2024-09-10 21:45:00,Mrs. Green,Dude is really insane!!!,Mrs. Green,Dude is really insane!!!
2024-09-10 21:45:01,Andrew D,f this hellhole,Andrew D,f this hellhole
2024-09-10 21:45:18,Cain Can,Desert soil,Cain Can,Desert soil
2024-09-10 21:45:33,Fluorescent,a wedding ring for a Pokémon goes on Miltank's udder x3,Fluorescent,a wedding ring for a Pokémon goes on Miltank's udder x3
2024-09-10 21:45:42,SOVEREIGNDesigns,treasionus bs,SOVEREIGNDesigns,treasionus bs
2024-09-10 21:45:53,Super Empath,new world order,Super Empath,new world order
2024-09-10 21:45:53,Super Empath,new world order,Super Empath,new world order
2024-09-10 21:46:03,SOVEREIGNDesigns,thats not how you run a country,SOVEREIGNDesigns,thats not how you run a country
2024-09-10 21:46:03,SOVEREIGNDesigns,thats not how you run a country,SOVEREIGNDesigns,thats not how you run a country
2024-09-10 21:46:08,Ryan Kyle,god i hope trump wins,Ryan Kyle,god i hope trump wins
2024-09-10 21:46:08,Ryan Kyle,god i hope trump wins,Ryan Kyle,god i hope trump wins
2024-09-10 21:46:09,Andrew D,"All politicians wil have their day...they won't like it, but it will come.",Andrew D,"All politicians wil have their day...they won't like it, but it will come."
2024-09-10 21:46:09,Andrew D,"All politicians wil have their day...they won't like it, but it will come.",Andrew D,"All politicians wil have their day...they won't like it, but it will come."
2024-09-10 21:46:31,Jason Post,"In these times of national confusion and controversy everyone please remember that Jesus Christ is the way, the truth and the life! I am not afraid and neither should you! May the holy God bless you:orthodox_cross:",SOVEREIGNDesigns,when you are maybe LOL
2024-09-10 21:46:31,SOVEREIGNDesigns,when you are maybe LOL,SOVEREIGNDesigns,when you are maybe LOL
2024-09-10 21:46:31,SOVEREIGNDesigns,when you are maybe LOL,SOVEREIGNDesigns,when you are maybe LOL
2024-09-10 21:46:31,Jason Post,"In these times of national confusion and controversy everyone please remember that Jesus Christ is the way, the truth and the life! I am not afraid and neither should you! May the holy God bless you:orthodox_cross:",SOVEREIGNDesigns,when you are maybe LOL
2024-09-10 21:46:37,Mrs. Green,I can’t wait till he goes to JAIL!,Mrs. Green,I can’t wait till he goes to JAIL!
2024-09-10 21:46:37,Mrs. Green,I can’t wait till he goes to JAIL!,Mrs. Green,I can’t wait till he goes to JAIL!
2024-09-10 21:46:41,Super Empath,these two are the distraction,Super Empath,these two are the distraction
2024-09-10 21:46:41,Super Empath,these two are the distraction,Super Empath,these two are the distraction
2024-09-10 21:46:53,SOVEREIGNDesigns,i will be with you . that what he said,SOVEREIGNDesigns,i will be with you . that what he said
2024-09-10 21:46:58,Ryan Kyle,Harris is too pompus and condecending trump has his issues obv but hes the lesser of the two evils,Ryan Kyle,Harris is too pompus and condecending trump has his issues obv but hes the lesser of the two evils
2024-09-10 21:47:00,Casey Ford,look up how to turn induction energies into electricity. then thank about a generator that has multiple layers of magnets to create and harvest the induction energies and kinetic energy.:smiling_face_with_sunglasses:,Casey Ford,look up how to turn induction energies into electricity. then thank about a generator that has multiple layers of magnets to create and harvest the induction energies and kinetic energy.:smiling_face_with_sunglasses:
2024-09-10 21:47:06,Andrew D,too many breathing today that shouldn't be.,Andrew D,too many breathing today that shouldn't be.
2024-09-10 21:47:29,scar,guys trump has made some good points before i guess but the thing about him is he is a raging narcissist i lived with my narcissistic father and the similarities are insane,scar,guys trump has made some good points before i guess but the thing about him is he is a raging narcissist i lived with my narcissistic father and the similarities are insane
2024-09-10 21:47:32,Fluorescent,should the rich get richer x3,SOVEREIGNDesigns,his face is SOOO red lol
2024-09-10 21:47:32,SOVEREIGNDesigns,his face is SOOO red lol,SOVEREIGNDesigns,his face is SOOO red lol
2024-09-10 21:47:39,Sarah Merrill,J.D. Vance called the Georgia shooting a fact of life what do you think about that hmmmmm,Sarah Merrill,J.D. Vance called the Georgia shooting a fact of life what do you think about that hmmmmm
2024-09-10 21:47:43,Andrew D,pray on your closet. your own guidebook tells you this....do you not know?,Andrew D,pray on your closet. your own guidebook tells you this....do you not know?
2024-09-10 21:47:43,SOVEREIGNDesigns,i want to see him drop on national tv,Andrew D,pray on your closet. your own guidebook tells you this....do you not know?
2024-09-10 21:47:56,Casey Ford,"now imagine putting them in EVs and everything else. no more plugging in blackouts or pollution. lasts for years into decades, cheaper and allows for MANY more options :smiling_face_with_sunglasses:",Casey Ford,"now imagine putting them in EVs and everything else. no more plugging in blackouts or pollution. lasts for years into decades, cheaper and allows for MANY more options :smiling_face_with_sunglasses:"
2024-09-10 21:48:02,SOVEREIGNDesigns,preach grl,SOVEREIGNDesigns,preach grl
2024-09-10 21:48:05,susanajackie02,I can’t wait until Nov. Trump will win :1st_place_medal: ,susanajackie02,I can’t wait until Nov. Trump will win :1st_place_medal: 
2024-09-10 21:48:09,I know you 😏 ,l,I know you 😏 ,l
2024-09-10 21:48:30,SOVEREIGNDesigns,dont forget the weak boys,SOVEREIGNDesigns,dont forget the weak boys
2024-09-10 21:48:32,SOVEREIGNDesigns,TY,SOVEREIGNDesigns,TY
2024-09-10 21:48:34,Super Empath,the almighty dollar,Super Empath,the almighty dollar
2024-09-10 21:48:39,Casey Ford,I'm a dude and not one of those confused ones either,Casey Ford,I'm a dude and not one of those confused ones either
2024-09-10 21:49:00,Super Empath,bridge,Super Empath,bridge
2024-09-10 21:49:15,SOVEREIGNDesigns,dudes a crimal fighting for his own freedumb,SOVEREIGNDesigns,dudes a crimal fighting for his own freedumb
2024-09-10 21:49:43,SOVEREIGNDesigns,cut his mic,SOVEREIGNDesigns,cut his mic
2024-09-10 21:49:43,urmailman,lies lies lies debunked lies,SOVEREIGNDesigns,cut his mic
2024-09-10 21:49:54,Jason Post,I’m not praying Andrew D ,Jason Post,I’m not praying Andrew D 
2024-09-10 21:49:55,seth potter,Kammy can’t talk without shaking er hands. She’s disgusting.,seth potter,Kammy can’t talk without shaking er hands. She’s disgusting.
2024-09-10 21:49:57,scar,reall ,scar,reall 
2024-09-10 21:50:20,Sandy Beach,"let's talk the past when it comes to Trump, not when it comes to Kamala",Sandy Beach,"let's talk the past when it comes to Trump, not when it comes to Kamala"
2024-09-10 21:50:53,Gummidroptop,The past 3.5 years been pretty bad. Need a change. Vote red ,Gummidroptop,The past 3.5 years been pretty bad. Need a change. Vote red 
2024-09-10 21:51:04,Jason Post,^^,Jason Post,^^
2024-09-10 21:51:52,SOVEREIGNDesigns,dude you are the sarcasm ,SOVEREIGNDesigns,dude you are the sarcasm 
2024-09-10 21:52:12,SOVEREIGNDesigns,"walls , you never finished lol",SOVEREIGNDesigns,"walls , you never finished lol"
2024-09-10 21:52:20,SOVEREIGNDesigns,that dont wrk,SOVEREIGNDesigns,that dont wrk
2024-09-10 21:52:24,MeSalty,Trump 2024! :smiling_face_with_sunglasses:,MeSalty,Trump 2024! :smiling_face_with_sunglasses:
2024-09-10 21:52:29,scar,also that entire statement was disgusting and hateful ,scar,also that entire statement was disgusting and hateful 
2024-09-10 21:52:42,scar,like bro needs to pipe down ,scar,like bro needs to pipe down 
2024-09-10 21:53:45,SOVEREIGNDesigns,"oh my , mow the nation is dieing . yeah because wwf candidates",SOVEREIGNDesigns,"oh my , mow the nation is dieing . yeah because wwf candidates"
2024-09-10 21:53:54,Jason Post,“YALL NEED TO THANK A UNION WORKAH” come on Harris break out the accent !!,Jason Post,“YALL NEED TO THANK A UNION WORKAH” come on Harris break out the accent !!
2024-09-10 21:54:13,jeremy shearer,Kamel toe ain’t ready… she needs to practice more with a fake trump lookalike ,jeremy shearer,Kamel toe ain’t ready… she needs to practice more with a fake trump lookalike 
2024-09-10 21:54:50,susanajackie02,Some ppl. talk so much trash. He did not finish the wall so why the current President did not? Cause he took it down. Let the Migrants in to destroy us. Ppl wake the f. up.,jeremy shearer,Kamel toe ain’t ready… she needs to practice more with a fake trump lookalike 
2024-09-10 21:54:50,Super Empath,they are all buddies,jeremy shearer,Kamel toe ain’t ready… she needs to practice more with a fake trump lookalike 
2024-09-10 21:55:02,scar,trump needs to show up in full glam in a dress,jeremy shearer,Kamel toe ain’t ready… she needs to practice more with a fake trump lookalike 
2024-09-10 21:55:03,SOVEREIGNDesigns,maorality,jeremy shearer,Kamel toe ain’t ready… she needs to practice more with a fake trump lookalike 
2024-09-10 21:55:24,SOVEREIGNDesigns,hungry LMAO,jeremy shearer,Kamel toe ain’t ready… she needs to practice more with a fake trump lookalike 
2024-09-10 21:55:25,Sandy Beach,"Traveled the world, but she never gets to OUR BORDERS :flushed_face:",jeremy shearer,Kamel toe ain’t ready… she needs to practice more with a fake trump lookalike 
2024-09-10 21:55:26,Gummidroptop,"Traveled the world, but hasn’t been to tbe border ",jeremy shearer,Kamel toe ain’t ready… she needs to practice more with a fake trump lookalike 
2024-09-10 21:55:31,jeremy shearer,How many heads did Kamala kiss for this position??? HAWK TUAH! ,jeremy shearer,Kamel toe ain’t ready… she needs to practice more with a fake trump lookalike 
2024-09-10 21:55:40,Gummidroptop,Lmfao lies upon lies,jeremy shearer,Kamel toe ain’t ready… she needs to practice more with a fake trump lookalike 
2024-09-10 21:55:44,no Name,Abc shilling for democrats as usual,jeremy shearer,Kamel toe ain’t ready… she needs to practice more with a fake trump lookalike 
2024-09-10 21:55:52,SOVEREIGNDesigns,hes a clown,jeremy shearer,Kamel toe ain’t ready… she needs to practice more with a fake trump lookalike 
2024-09-10 21:55:55,scar,anyone wanna play roblox,jeremy shearer,Kamel toe ain’t ready… she needs to practice more with a fake trump lookalike 
2024-09-10 21:56:09,SOVEREIGNDesigns,mobster,jeremy shearer,Kamel toe ain’t ready… she needs to practice more with a fake trump lookalike 
2024-09-10 21:56:37,SOVEREIGNDesigns,i want the wfaa desk job lol,jeremy shearer,Kamel toe ain’t ready… she needs to practice more with a fake trump lookalike 
2024-09-10 21:56:48,no Name,Did abc give kamala the questions like they did joe for 4 years,jeremy shearer,Kamel toe ain’t ready… she needs to practice more with a fake trump lookalike 
2024-09-10 21:56:53,scar,dude nothing is getting done this method is so pointless ,jeremy shearer,Kamel toe ain’t ready… she needs to practice more with a fake trump lookalike 
2024-09-10 21:56:54,susanajackie02,It’s a Man’s World only Trump can save us. ,jeremy shearer,Kamel toe ain’t ready… she needs to practice more with a fake trump lookalike 
2024-09-10 21:57:23,SOVEREIGNDesigns,open another tab and liten live....,jeremy shearer,Kamel toe ain’t ready… she needs to practice more with a fake trump lookalike 
2024-09-10 21:57:26,SOVEREIGNDesigns,comment here,jeremy shearer,Kamel toe ain’t ready… she needs to practice more with a fake trump lookalike 
2024-09-10 21:57:52,kaz's best investment,if trump is so delusional he thinks he won the last election shouldn't he not be allowed to run again this year??? ,jeremy shearer,Kamel toe ain’t ready… she needs to practice more with a fake trump lookalike 
2024-09-10 21:58:50,katthefantastic,magat love up in here I see,jeremy shearer,Kamel toe ain’t ready… she needs to practice more with a fake trump lookalike 
2024-09-10 21:59:12,susanajackie02,MAGA :1st_place_medal::1st_place_medal::1st_place_medal::1st_place_medal::1st_place_medal::1st_place_medal::1st_place_medal::1st_place_medal::1st_place_medal::1st_place_medal:,jeremy shearer,Kamel toe ain’t ready… she needs to practice more with a fake trump lookalike 
2024-09-10 21:59:34,baddog,This is coverage???,jeremy shearer,Kamel toe ain’t ready… she needs to practice more with a fake trump lookalike 
2024-09-10 21:59:34,scar,"""if i were president"" bro had his chance",jeremy shearer,Kamel toe ain’t ready… she needs to practice more with a fake trump lookalike 
2024-09-10 21:59:43,scar,literally tho,jeremy shearer,Kamel toe ain’t ready… she needs to practice more with a fake trump lookalike 
2024-09-10 21:59:43,SOVEREIGNDesigns,bb is a dictator,jeremy shearer,Kamel toe ain’t ready… she needs to practice more with a fake trump lookalike 
2024-09-10 21:59:50,name,scar FR :loudly_crying_face:,jeremy shearer,Kamel toe ain’t ready… she needs to practice more with a fake trump lookalike 
2024-09-10 21:59:50,katthefantastic,these people get paid more then you momma on dollar day,jeremy shearer,Kamel toe ain’t ready… she needs to practice more with a fake trump lookalike 
2024-09-10 21:59:51,scar,like bruh its just a screen,jeremy shearer,Kamel toe ain’t ready… she needs to practice more with a fake trump lookalike 
2024-09-10 21:59:56,SOVEREIGNDesigns,been in charge how long....,jeremy shearer,Kamel toe ain’t ready… she needs to practice more with a fake trump lookalike 
2024-09-10 22:00:12,SOVEREIGNDesigns,dont take my land and their wont be a prob,jeremy shearer,Kamel toe ain’t ready… she needs to practice more with a fake trump lookalike 
2024-09-10 22:00:24,susanajackie02,Lmfaoooo she was in a party :star_struck::star_struck::star_struck::star_struck:,jeremy shearer,Kamel toe ain’t ready… she needs to practice more with a fake trump lookalike 
2024-09-10 22:00:36,kaz's best investment,guys please don't vote for someone who can't legally vote for himself,jeremy shearer,Kamel toe ain’t ready… she needs to practice more with a fake trump lookalike 
2024-09-10 22:00:54,baddog,Kamala's voice is the worst.,jeremy shearer,Kamel toe ain’t ready… she needs to practice more with a fake trump lookalike 
2024-09-10 22:01:04,katthefantastic,this is BS,jeremy shearer,Kamel toe ain’t ready… she needs to practice more with a fake trump lookalike 
2024-09-10 22:01:08,scar,:eyes-purple-crying:,jeremy shearer,Kamel toe ain’t ready… she needs to practice more with a fake trump lookalike 
2024-09-10 22:01:18,scar,HELP WHAT ARE THESE GOOFY SSS EMOJIS,jeremy shearer,Kamel toe ain’t ready… she needs to practice more with a fake trump lookalike 
2024-09-10 22:01:20,scar,:cat-orange-whistling:,jeremy shearer,Kamel toe ain’t ready… she needs to practice more with a fake trump lookalike 
2024-09-10 22:01:27,SOVEREIGNDesigns,is that sarcasum or can he just not say terror,jeremy shearer,Kamel toe ain’t ready… she needs to practice more with a fake trump lookalike 
2024-09-10 22:01:34,scar,:face-blue-smiling::goodvibes:,jeremy shearer,Kamel toe ain’t ready… she needs to practice more with a fake trump lookalike 
2024-09-10 22:01:42,susanajackie02,Hate her squeaky voice :eyes-purple-crying::face-purple-crying::face-purple-crying:,jeremy shearer,Kamel toe ain’t ready… she needs to practice more with a fake trump lookalike 
2024-09-10 22:01:47,Leo Iezzi,This drunk keeps saying she has a plan. You’re in office now!!!!!!!!,jeremy shearer,Kamel toe ain’t ready… she needs to practice more with a fake trump lookalike 
2024-09-10 22:01:55,kaz's best investment,hate your bigoted nonsense,jeremy shearer,Kamel toe ain’t ready… she needs to practice more with a fake trump lookalike 
2024-09-10 22:02:04,baddog,Where's the poll results?,jeremy shearer,Kamel toe ain’t ready… she needs to practice more with a fake trump lookalike 
2024-09-10 22:02:19,Raymonda Valdes,NBC news live is showing it on YouTube guys,jeremy shearer,Kamel toe ain’t ready… she needs to practice more with a fake trump lookalike 
2024-09-10 22:02:28,SOVEREIGNDesigns,where is dues wife ~ she doesnt even support him,jeremy shearer,Kamel toe ain’t ready… she needs to practice more with a fake trump lookalike 
2024-09-10 22:02:45,Gummidroptop,All she does is lie ,jeremy shearer,Kamel toe ain’t ready… she needs to practice more with a fake trump lookalike 
2024-09-10 22:02:54,scar,liek makes no sense,jeremy shearer,Kamel toe ain’t ready… she needs to practice more with a fake trump lookalike 
2024-09-10 22:02:56,baddog,Trump winning poll here bigly - 62%,jeremy shearer,Kamel toe ain’t ready… she needs to practice more with a fake trump lookalike 
2024-09-10 22:03:04,SOVEREIGNDesigns,aw did he just turn on potin lol,jeremy shearer,Kamel toe ain’t ready… she needs to practice more with a fake trump lookalike 
2024-09-10 22:03:08,Gummidroptop,Trump is leading the debate 75% on average ,jeremy shearer,Kamel toe ain’t ready… she needs to practice more with a fake trump lookalike 
2024-09-10 22:03:19,name,how,jeremy shearer,Kamel toe ain’t ready… she needs to practice more with a fake trump lookalike 
2024-09-10 22:03:25,susanajackie02,Trump is crushing her 63% :face_with_tears_of_joy::face_with_tears_of_joy::face_with_tears_of_joy::face_with_tears_of_joy:,jeremy shearer,Kamel toe ain’t ready… she needs to practice more with a fake trump lookalike 
2024-09-10 22:03:53,Gummidroptop,Now they know how much votes to fabricate this November ,jeremy shearer,Kamel toe ain’t ready… she needs to practice more with a fake trump lookalike 
2024-09-10 22:03:53,5ivers,trump needs to chill,jeremy shearer,Kamel toe ain’t ready… she needs to practice more with a fake trump lookalike 
2024-09-10 22:03:57,scar,stop i got another ad ,jeremy shearer,Kamel toe ain’t ready… she needs to practice more with a fake trump lookalike 
2024-09-10 22:04:00,scar,:loudly_crying_face::loudly_crying_face:,jeremy shearer,Kamel toe ain’t ready… she needs to practice more with a fake trump lookalike 
2024-09-10 22:04:05,kaz's best investment,trump needs to go to jail,jeremy shearer,Kamel toe ain’t ready… she needs to practice more with a fake trump lookalike 
2024-09-10 22:04:06,5ivers,it seems hios questions and answers are more reactionary,jeremy shearer,Kamel toe ain’t ready… she needs to practice more with a fake trump lookalike 
2024-09-10 22:04:11,SOVEREIGNDesigns,"that poll is from here, and half these ppl arent listening . and have closed minds",jeremy shearer,Kamel toe ain’t ready… she needs to practice more with a fake trump lookalike 
2024-09-10 22:04:22,susanajackie02,Migrants start packing now before Trump finds you. Comiencen a empacar porque se van ,jeremy shearer,Kamel toe ain’t ready… she needs to practice more with a fake trump lookalike 
2024-09-10 22:04:25,LuckyPenny,Trump is a dangerous dictator.,jeremy shearer,Kamel toe ain’t ready… she needs to practice more with a fake trump lookalike 
2024-09-10 22:04:29,Jason Post,Who y’all got ,jeremy shearer,Kamel toe ain’t ready… she needs to practice more with a fake trump lookalike 
2024-09-10 22:04:32,Lora,"All trump can talk about is going back to the border he has nothing to to say , but lies ",jeremy shearer,Kamel toe ain’t ready… she needs to practice more with a fake trump lookalike 
2024-09-10 22:04:35,Gummidroptop,On average he’s winning by 20%,jeremy shearer,Kamel toe ain’t ready… she needs to practice more with a fake trump lookalike 
2024-09-10 22:04:41,scar,can they talk about something important like the education system or the prison system which both need a complete makeover ,jeremy shearer,Kamel toe ain’t ready… she needs to practice more with a fake trump lookalike 
2024-09-10 22:05:02,Jana Haberlin,Paper votes and ID’s ,jeremy shearer,Kamel toe ain’t ready… she needs to practice more with a fake trump lookalike 
2024-09-10 22:05:05,scar,you cant have competent adults if the education is poopoocaca ,jeremy shearer,Kamel toe ain’t ready… she needs to practice more with a fake trump lookalike 
2024-09-10 22:05:12,Jana Haberlin,Fact check Kamala ,jeremy shearer,Kamel toe ain’t ready… she needs to practice more with a fake trump lookalike 
2024-09-10 22:05:30,Lora,All trump is doing is lying and you know it,jeremy shearer,Kamel toe ain’t ready… she needs to practice more with a fake trump lookalike 
2024-09-10 22:05:48,Gummidroptop,"@scar if they didn’t ask it she’d lie and tell stories about Trump and then Trump will have to fact check Kamala live since nobody is to her, and nobody will get to answer the question. ",jeremy shearer,Kamel toe ain’t ready… she needs to practice more with a fake trump lookalike 
2024-09-10 22:05:51,scar,oh my god the ads wont stop im going to rip off my skin,jeremy shearer,Kamel toe ain’t ready… she needs to practice more with a fake trump lookalike 
2024-09-10 22:05:54,scar,:volcano-green-lava-orange::volcano-green-lava-orange:,jeremy shearer,Kamel toe ain’t ready… she needs to practice more with a fake trump lookalike 
2024-09-10 22:05:57,scar,:fish-orange-wide-eyes:,jeremy shearer,Kamel toe ain’t ready… she needs to practice more with a fake trump lookalike 
2024-09-10 22:06:04,scar,:face-turquoise-speaker-shape::face-turquoise-speaker-shape:me rn,jeremy shearer,Kamel toe ain’t ready… she needs to practice more with a fake trump lookalike 
2024-09-10 22:06:10,name,:face-fuchsia-poop-shape:,jeremy shearer,Kamel toe ain’t ready… she needs to practice more with a fake trump lookalike 
2024-09-10 22:06:24,scar,oh its not just a screen,jeremy shearer,Kamel toe ain’t ready… she needs to practice more with a fake trump lookalike 
2024-09-10 22:06:30,scar,yaey,jeremy shearer,Kamel toe ain’t ready… she needs to practice more with a fake trump lookalike 
2024-09-10 22:06:31,Gummidroptop,Ring around the Rosie tonight ,jeremy shearer,Kamel toe ain’t ready… she needs to practice more with a fake trump lookalike 
2024-09-10 22:06:34,scar,:face-fuchsia-poop-shape::face-fuchsia-poop-shape:,jeremy shearer,Kamel toe ain’t ready… she needs to practice more with a fake trump lookalike 
2024-09-10 22:06:48,Lora,"We don’t need to fact check her because every word she has said that he said, we all heard him say",jeremy shearer,Kamel toe ain’t ready… she needs to practice more with a fake trump lookalike 
2024-09-10 22:06:50,scar,:face-orange-frowning::face-fuchsia-wide-eyes:GUYS ITS TRUMP AND KAMALA,jeremy shearer,Kamel toe ain’t ready… she needs to practice more with a fake trump lookalike 
2024-09-10 22:07:04,SOVEREIGNDesigns,check dudes mike,jeremy shearer,Kamel toe ain’t ready… she needs to practice more with a fake trump lookalike 
2024-09-10 22:07:08,SOVEREIGNDesigns,mic,jeremy shearer,Kamel toe ain’t ready… she needs to practice more with a fake trump lookalike 
2024-09-10 22:07:20,ZdreamerZ 14,So who yall voting for 1 for Trump 2 for Harris? ,jeremy shearer,Kamel toe ain’t ready… she needs to practice more with a fake trump lookalike 
2024-09-10 22:07:29,Gummidroptop,These people are so bias. Go Trump ,jeremy shearer,Kamel toe ain’t ready… she needs to practice more with a fake trump lookalike 
2024-09-10 22:07:49,Maxwell Chase,1,jeremy shearer,Kamel toe ain’t ready… she needs to practice more with a fake trump lookalike 
2024-09-10 22:07:50,scar,2 if i was old enough to vote lesser of 2 evils !!,jeremy shearer,Kamel toe ain’t ready… she needs to practice more with a fake trump lookalike 
2024-09-10 22:08:00,kaz's best investment,gummidroptop trump is literally the world's largest bigot??? how is that not bias??,jeremy shearer,Kamel toe ain’t ready… she needs to practice more with a fake trump lookalike 
2024-09-10 22:08:05,Gummidroptop,Lesser of the evils? ,jeremy shearer,Kamel toe ain’t ready… she needs to practice more with a fake trump lookalike 
2024-09-10 22:08:06,kaz's best investment,2,jeremy shearer,Kamel toe ain’t ready… she needs to practice more with a fake trump lookalike 
2024-09-10 22:08:15,name,3,jeremy shearer,Kamel toe ain’t ready… she needs to practice more with a fake trump lookalike 
2024-09-10 22:08:32,SOVEREIGNDesigns,hes going to prison if he doesnt win....,jeremy shearer,Kamel toe ain’t ready… she needs to practice more with a fake trump lookalike 
2024-09-10 22:08:37,Karen Henry,think he looks stronger not looking at her,jeremy shearer,Kamel toe ain’t ready… she needs to practice more with a fake trump lookalike 
2024-09-10 22:08:39,scar,yeah trump had his chance in 2016 i just hope if kamala wins something will happen ,jeremy shearer,Kamel toe ain’t ready… she needs to practice more with a fake trump lookalike 
2024-09-10 22:08:40,ZdreamerZ 14,lol I appreciate y’all’s honesty ,jeremy shearer,Kamel toe ain’t ready… she needs to practice more with a fake trump lookalike 
2024-09-10 22:08:49,Gummidroptop,If you vote for Kamala you’re voting for another 4 years of garbage and no polic,jeremy shearer,Kamel toe ain’t ready… she needs to practice more with a fake trump lookalike 
2024-09-10 22:08:53,Gummidroptop,Policy,jeremy shearer,Kamel toe ain’t ready… she needs to practice more with a fake trump lookalike 
2024-09-10 22:08:54,scar,:two_hearts:,jeremy shearer,Kamel toe ain’t ready… she needs to practice more with a fake trump lookalike 
2024-09-10 22:08:56,Agent 33,11,jeremy shearer,Kamel toe ain’t ready… she needs to practice more with a fake trump lookalike 
2024-09-10 22:08:57,Guru 89,trumps flaw is how he talk about immigration,jeremy shearer,Kamel toe ain’t ready… she needs to practice more with a fake trump lookalike 
2024-09-10 22:09:03,scar,24 hours is crazy,jeremy shearer,Kamel toe ain’t ready… she needs to practice more with a fake trump lookalike 
2024-09-10 22:09:10,kaz's best investment,trumps flaw is his very existence,jeremy shearer,Kamel toe ain’t ready… she needs to practice more with a fake trump lookalike 
2024-09-10 22:09:15,baddog,Trump up to 67% now.,jeremy shearer,Kamel toe ain’t ready… she needs to practice more with a fake trump lookalike 
2024-09-10 22:09:20,Lora,When you lie you can’t look a person in the eyes,jeremy shearer,Kamel toe ain’t ready… she needs to practice more with a fake trump lookalike 
2024-09-10 22:09:23,Gummidroptop,Flaw? It’s how it’s going. Immigration is bad ,jeremy shearer,Kamel toe ain’t ready… she needs to practice more with a fake trump lookalike 
2024-09-10 22:09:28,scar,guru true he's really hateful about it,jeremy shearer,Kamel toe ain’t ready… she needs to practice more with a fake trump lookalike 
2024-09-10 22:09:32,Gummidroptop,Illegal immigration,jeremy shearer,Kamel toe ain’t ready… she needs to practice more with a fake trump lookalike 
2024-09-10 22:09:40,SOVEREIGNDesigns,its not our war,jeremy shearer,Kamel toe ain’t ready… she needs to practice more with a fake trump lookalike 
2024-09-10 22:09:48,Wiz Tek,@ kaz what are you trying to say ,jeremy shearer,Kamel toe ain’t ready… she needs to practice more with a fake trump lookalike 
2024-09-10 22:09:49,scar,he looks constipated,jeremy shearer,Kamel toe ain’t ready… she needs to practice more with a fake trump lookalike 
2024-09-10 22:09:51,Wild & Wandering,Trump,jeremy shearer,Kamel toe ain’t ready… she needs to practice more with a fake trump lookalike 
2024-09-10 22:09:56,Wild & Wandering,trump,jeremy shearer,Kamel toe ain’t ready… she needs to practice more with a fake trump lookalike 
2024-09-10 22:10:00,Wild & Wandering,trump,jeremy shearer,Kamel toe ain’t ready… she needs to practice more with a fake trump lookalike 
2024-09-10 22:10:01,Robert Robear Gallegos Jr,He fairly challenged her to do something about the border.. but my goodness we’ll see what happens ,jeremy shearer,Kamel toe ain’t ready… she needs to practice more with a fake trump lookalike 
2024-09-10 22:10:02,Gummidroptop,Then why is Biden funding it Soberinejn ,jeremy shearer,Kamel toe ain’t ready… she needs to practice more with a fake trump lookalike 
2024-09-10 22:10:03,kaz's best investment,harris,jeremy shearer,Kamel toe ain’t ready… she needs to practice more with a fake trump lookalike 
2024-09-10 22:10:05,scar,i know putin very well is an insane defense im sorry,jeremy shearer,Kamel toe ain’t ready… she needs to practice more with a fake trump lookalike 
2024-09-10 22:10:12,name,scar real,jeremy shearer,Kamel toe ain’t ready… she needs to practice more with a fake trump lookalike 
2024-09-10 22:10:22,kaz's best investment,name cece,jeremy shearer,Kamel toe ain’t ready… she needs to practice more with a fake trump lookalike 
2024-09-10 22:10:30,scar,:text-green-game-over:,jeremy shearer,Kamel toe ain’t ready… she needs to practice more with a fake trump lookalike 
2024-09-10 22:10:34,SOVEREIGNDesigns,lol,jeremy shearer,Kamel toe ain’t ready… she needs to practice more with a fake trump lookalike 
2024-09-10 22:10:50,baddog,Pro tip: Don't follow Kaz's investment advice. :text-green-game-over:,jeremy shearer,Kamel toe ain’t ready… she needs to practice more with a fake trump lookalike 
2024-09-10 22:11:01,Robert Robear Gallegos Jr,I don’t like to hear about border troubles causing conflict in Mexico etc :(,jeremy shearer,Kamel toe ain’t ready… she needs to practice more with a fake trump lookalike 
2024-09-10 22:11:03,name,kaz’s best investment celing :crying_cat::smiling_face_with_heart_eyes:,jeremy shearer,Kamel toe ain’t ready… she needs to practice more with a fake trump lookalike 
2024-09-10 22:11:07,kaz's best investment,pro tip: don't vote for trump,jeremy shearer,Kamel toe ain’t ready… she needs to practice more with a fake trump lookalike 
2024-09-10 22:11:08,scar,ALSO HE NEEDS TO STOP SHADING DAVID BRUH ,jeremy shearer,Kamel toe ain’t ready… she needs to practice more with a fake trump lookalike 
2024-09-10 22:11:16,scar,#JUSTICEFORDAVID EVERYONE WITH ME NOW ,jeremy shearer,Kamel toe ain’t ready… she needs to practice more with a fake trump lookalike 
2024-09-10 22:11:23,SOVEREIGNDesigns,"not even close , dude sounds like alez joones",jeremy shearer,Kamel toe ain’t ready… she needs to practice more with a fake trump lookalike 
2024-09-10 22:11:40,SOVEREIGNDesigns,]sell me some shoes now LMAO,jeremy shearer,Kamel toe ain’t ready… she needs to practice more with a fake trump lookalike 
2024-09-10 22:11:47,Gummidroptop,What happen to the poll? Trump winning? ,jeremy shearer,Kamel toe ain’t ready… she needs to practice more with a fake trump lookalike 
2024-09-10 22:11:54,scar,can they put crazy frog in the background LOOOL,jeremy shearer,Kamel toe ain’t ready… she needs to practice more with a fake trump lookalike 
2024-09-10 22:12:16,Lora,He doesn’t have a good relationship with Zelensky he tried to blackmail Zelensky ,jeremy shearer,Kamel toe ain’t ready… she needs to practice more with a fake trump lookalike 
2024-09-10 22:12:59,scar,ok but talk about how kids are literally killing themselves maybe we should talk about the youth instead of fighting eachother which will eventually end us and probably put us in a nuclear winter,jeremy shearer,Kamel toe ain’t ready… she needs to practice more with a fake trump lookalike 
2024-09-10 22:13:08,kaz's best investment,scar fr,jeremy shearer,Kamel toe ain’t ready… she needs to practice more with a fake trump lookalike 
2024-09-10 22:13:16,Wiz Tek,The truth is he will win and most criminals and big wig will be prosecuted not all but most your borders will be closed and there will be a mass deportation. Your country does want a woman president. ,jeremy shearer,Kamel toe ain’t ready… she needs to practice more with a fake trump lookalike 
2024-09-10 22:13:27,Raymonda Valdes,Are the leaders from those other country’s gonna listen to a women?,jeremy shearer,Kamel toe ain’t ready… she needs to practice more with a fake trump lookalike 
2024-09-10 22:13:43,SOVEREIGNDesigns,dam strtight,jeremy shearer,Kamel toe ain’t ready… she needs to practice more with a fake trump lookalike 
2024-09-10 22:13:54,Wiz Tek,That’s just facts other nations will walk all over you if that’s the case ,jeremy shearer,Kamel toe ain’t ready… she needs to practice more with a fake trump lookalike 
2024-09-10 22:13:55,scar,ooh the music just got dramatic,jeremy shearer,Kamel toe ain’t ready… she needs to practice more with a fake trump lookalike 
2024-09-10 22:14:01,scar,dun dun dunDUMDUM DUM,jeremy shearer,Kamel toe ain’t ready… she needs to practice more with a fake trump lookalike 
2024-09-10 22:14:01,Lora,What are saying kid killing themselves what is that about,jeremy shearer,Kamel toe ain’t ready… she needs to practice more with a fake trump lookalike 
2024-09-10 22:14:04,kaz's best investment,raymonda valdes are they gonna listen to a convicted criminal,jeremy shearer,Kamel toe ain’t ready… she needs to practice more with a fake trump lookalike 
2024-09-10 22:14:28,kaz's best investment,trump looks like he got a tan while wearing sunglasses,jeremy shearer,Kamel toe ain’t ready… she needs to practice more with a fake trump lookalike 
2024-09-10 22:14:43,scar,well one of the leading causes of death in teenagers is suicide and as a teen ive had experiences with it and theres barely any help especially for people in smaller toens,jeremy shearer,Kamel toe ain’t ready… she needs to practice more with a fake trump lookalike 
2024-09-10 22:14:46,Lora,Yep look at the Queens in other countries they are listened to,jeremy shearer,Kamel toe ain’t ready… she needs to practice more with a fake trump lookalike 
2024-09-10 22:14:47,scar,towns**,jeremy shearer,Kamel toe ain’t ready… she needs to practice more with a fake trump lookalike 
2024-09-10 22:14:55,Donita Forrest,"...and it's not even biased...well it's hardly biased...well maybe a little...okay, it's an anti-Trump sh:pile_of_poo:t show....",jeremy shearer,Kamel toe ain’t ready… she needs to practice more with a fake trump lookalike 
2024-09-10 22:15:06,scar,its really sad the future of this country ngl,jeremy shearer,Kamel toe ain’t ready… she needs to practice more with a fake trump lookalike 
2024-09-10 22:15:16,Gummidroptop,Eveyone turning their polls off because Trump winning them. People have spoken where the results go?,jeremy shearer,Kamel toe ain’t ready… she needs to practice more with a fake trump lookalike 
2024-09-10 22:15:19,SOVEREIGNDesigns,they cut her mic but let him spew BS,jeremy shearer,Kamel toe ain’t ready… she needs to practice more with a fake trump lookalike 
2024-09-10 22:15:47,Gummidroptop,No they’re cutting him off too ,jeremy shearer,Kamel toe ain’t ready… she needs to practice more with a fake trump lookalike 
2024-09-10 22:16:00,SOVEREIGNDesigns,CLOWN,jeremy shearer,Kamel toe ain’t ready… she needs to practice more with a fake trump lookalike 
2024-09-10 22:16:09,Gummidroptop,He still has time on I’m stop watching it ,jeremy shearer,Kamel toe ain’t ready… she needs to practice more with a fake trump lookalike 
2024-09-10 22:16:09,scar,they need to hit a pen ,jeremy shearer,Kamel toe ain’t ready… she needs to practice more with a fake trump lookalike 
2024-09-10 22:16:11,SOVEREIGNDesigns,loll there shis clown face XD,jeremy shearer,Kamel toe ain’t ready… she needs to practice more with a fake trump lookalike 
2024-09-10 22:16:12,Raymonda Valdes,I’m only asking bc some of those county’s are religious and mostly don’t like to deal with women in politics ,jeremy shearer,Kamel toe ain’t ready… she needs to practice more with a fake trump lookalike 
2024-09-10 22:16:25,Gummidroptop,Fact check her,jeremy shearer,Kamel toe ain’t ready… she needs to practice more with a fake trump lookalike 
2024-09-10 22:16:26,Bill Zolis,Trump does not look at Kamala scared,jeremy shearer,Kamel toe ain’t ready… she needs to practice more with a fake trump lookalike 
2024-09-10 22:16:32,Gummidroptop,Nothing she has said is true ,jeremy shearer,Kamel toe ain’t ready… she needs to practice more with a fake trump lookalike 
2024-09-10 22:16:37,Lora,Parent need to be parents and be there for there kids and help them that’s where it starts,jeremy shearer,Kamel toe ain’t ready… she needs to practice more with a fake trump lookalike 
2024-09-10 22:16:40,scar,david :smiling_face_with_heart_eyes::sparkles:,jeremy shearer,Kamel toe ain’t ready… she needs to practice more with a fake trump lookalike 
2024-09-10 22:16:46,Vianney Mclaughlin,Very bias commentators,jeremy shearer,Kamel toe ain’t ready… she needs to practice more with a fake trump lookalike 
2024-09-10 22:17:07,Gummidroptop,Dodging questions again. ,jeremy shearer,Kamel toe ain’t ready… she needs to practice more with a fake trump lookalike 
2024-09-10 22:17:30,SOVEREIGNDesigns,"this debate is bs , they cut her mic but he gets to spue BS after every comment",jeremy shearer,Kamel toe ain’t ready… she needs to practice more with a fake trump lookalike 
2024-09-10 22:17:47,scar,thats true and unfortunately a lot of them are emotionally neglectful and like if you tell them how you feel they will send you to the mental hospital where they isolate you and stuff,jeremy shearer,Kamel toe ain’t ready… she needs to practice more with a fake trump lookalike 
2024-09-10 22:17:53,Gummidroptop,Because he’s spewing facts ,jeremy shearer,Kamel toe ain’t ready… she needs to practice more with a fake trump lookalike 
2024-09-10 22:18:09,SOVEREIGNDesigns,LOL,jeremy shearer,Kamel toe ain’t ready… she needs to practice more with a fake trump lookalike 
2024-09-10 22:18:13,kaz's best investment,gummidroptop just know its your rights that'll be taken away if he wins,jeremy shearer,Kamel toe ain’t ready… she needs to practice more with a fake trump lookalike 
2024-09-10 22:18:22,scar,like all of my friends have strict or abusive or absent parents including me and its so sad ,jeremy shearer,Kamel toe ain’t ready… she needs to practice more with a fake trump lookalike 
2024-09-10 22:18:28,SOVEREIGNDesigns,check,jeremy shearer,Kamel toe ain’t ready… she needs to practice more with a fake trump lookalike 
2024-09-10 22:18:31,kaz's best investment,scar fr! i speak from experience. not all parents support kids with mental illness,jeremy shearer,Kamel toe ain’t ready… she needs to practice more with a fake trump lookalike 
2024-09-10 22:18:36,Gummidroptop,She looks scared answering he voice is cracking. ,jeremy shearer,Kamel toe ain’t ready… she needs to practice more with a fake trump lookalike 
2024-09-10 22:18:42,Lora,You can bet trump would take this country out of NATO and then you trump fans better start worrying about about who will come and hurt our county,jeremy shearer,Kamel toe ain’t ready… she needs to practice more with a fake trump lookalike 
2024-09-10 22:18:52,Guru 89,trump shows a strong passion of care for America but Harris shows alot more professionalism,jeremy shearer,Kamel toe ain’t ready… she needs to practice more with a fake trump lookalike 
2024-09-10 22:19:04,name,back ,jeremy shearer,Kamel toe ain’t ready… she needs to practice more with a fake trump lookalike 
2024-09-10 22:19:04,SOVEREIGNDesigns,tell the story about the tent,jeremy shearer,Kamel toe ain’t ready… she needs to practice more with a fake trump lookalike 
2024-09-10 22:19:13,Gummidroptop,There already here hurting our country. ,jeremy shearer,Kamel toe ain’t ready… she needs to practice more with a fake trump lookalike 
2024-09-10 22:19:27,Gummidroptop,See she’s getting more time ,jeremy shearer,Kamel toe ain’t ready… she needs to practice more with a fake trump lookalike 
2024-09-10 22:19:41,Lora,Trump doesn’t care about our country he cares about the money power and staying out of prison,jeremy shearer,Kamel toe ain’t ready… she needs to practice more with a fake trump lookalike 
2024-09-10 22:19:46,Gummidroptop,All lies ,jeremy shearer,Kamel toe ain’t ready… she needs to practice more with a fake trump lookalike 
2024-09-10 22:19:53,SOVEREIGNDesigns,thats called racism ummi,jeremy shearer,Kamel toe ain’t ready… she needs to practice more with a fake trump lookalike 
2024-09-10 22:19:55,kaz's best investment,look whose talking,jeremy shearer,Kamel toe ain’t ready… she needs to practice more with a fake trump lookalike 
2024-09-10 22:20:06,Gummidroptop,Oops my bad ,jeremy shearer,Kamel toe ain’t ready… she needs to practice more with a fake trump lookalike 
2024-09-10 22:20:21,Lora,No gummy no lies just fact check out for yourself ,jeremy shearer,Kamel toe ain’t ready… she needs to practice more with a fake trump lookalike 
2024-09-10 22:20:24,Gummidroptop,She’s got a whole extra minute now so shut up sovereign ,jeremy shearer,Kamel toe ain’t ready… she needs to practice more with a fake trump lookalike 
2024-09-10 22:20:28,SOVEREIGNDesigns,^ ead,jeremy shearer,Kamel toe ain’t ready… she needs to practice more with a fake trump lookalike 
2024-09-10 22:20:28,scar,tbh now that i think about it im just glad they arent arguing over pornstars and golf like the first debate xD,jeremy shearer,Kamel toe ain’t ready… she needs to practice more with a fake trump lookalike 
2024-09-10 22:20:39,SOVEREIGNDesigns,lol,jeremy shearer,Kamel toe ain’t ready… she needs to practice more with a fake trump lookalike 
2024-09-10 22:20:40,name,kaz did you know that jay johnson from bobs burgers and moral orel took part in January 6th????!!?,jeremy shearer,Kamel toe ain’t ready… she needs to practice more with a fake trump lookalike 
2024-09-10 22:20:49,kaz's best investment,really???,jeremy shearer,Kamel toe ain’t ready… she needs to practice more with a fake trump lookalike 
2024-09-10 22:20:51,SOVEREIGNDesigns,does she get to repond to every comment,jeremy shearer,Kamel toe ain’t ready… she needs to practice more with a fake trump lookalike 
2024-09-10 22:21:00,SOVEREIGNDesigns,let her tlk back,jeremy shearer,Kamel toe ain’t ready… she needs to practice more with a fake trump lookalike 
2024-09-10 22:21:08,SOVEREIGNDesigns,i want to move....,jeremy shearer,Kamel toe ain’t ready… she needs to practice more with a fake trump lookalike 
2024-09-10 22:21:13,SOVEREIGNDesigns,still babbles on,jeremy shearer,Kamel toe ain’t ready… she needs to practice more with a fake trump lookalike 
2024-09-10 22:21:27,kaz's best investment,guys trump would force me to burn my three copies of the best book ever written six of crows. vote blue (:,jeremy shearer,Kamel toe ain’t ready… she needs to practice more with a fake trump lookalike 
2024-09-10 22:21:29,Gummidroptop,Move then. Trumps winning every poll on this in this debate. ,jeremy shearer,Kamel toe ain’t ready… she needs to practice more with a fake trump lookalike 
2024-09-10 22:21:45,SOVEREIGNDesigns,ps stop calling him pres . hes not anymore,jeremy shearer,Kamel toe ain’t ready… she needs to practice more with a fake trump lookalike 
2024-09-10 22:22:16,SOVEREIGNDesigns,former pres maybe,jeremy shearer,Kamel toe ain’t ready… she needs to practice more with a fake trump lookalike 
2024-09-10 22:22:32,name,kaz :((,jeremy shearer,Kamel toe ain’t ready… she needs to practice more with a fake trump lookalike 
2024-09-10 22:22:33,Keven Reynolds,president trump your a winner!,jeremy shearer,Kamel toe ain’t ready… she needs to practice more with a fake trump lookalike 
2024-09-10 22:22:39,SOVEREIGNDesigns,clown face is hellarious,jeremy shearer,Kamel toe ain’t ready… she needs to practice more with a fake trump lookalike 
2024-09-10 22:22:50,name,kaz what about art of stopmotion?,jeremy shearer,Kamel toe ain’t ready… she needs to practice more with a fake trump lookalike 
2024-09-10 22:23:19,Lora,He’s a liar and the world knows it and maga backs him,jeremy shearer,Kamel toe ain’t ready… she needs to practice more with a fake trump lookalike 
2024-09-10 22:23:23,Donita Forrest,Trump's the only President - Biden & Harris are Frauds,jeremy shearer,Kamel toe ain’t ready… she needs to practice more with a fake trump lookalike 
2024-09-10 22:23:30,SOVEREIGNDesigns,moralliy wins ,jeremy shearer,Kamel toe ain’t ready… she needs to practice more with a fake trump lookalike 
2024-09-10 22:23:36,SOVEREIGNDesigns,aint worried,jeremy shearer,Kamel toe ain’t ready… she needs to practice more with a fake trump lookalike 
2024-09-10 22:23:59,BladedSphere48,"Did you all forget that the Gold Star family invited Trump to the funeral to take pictures and pay respects, and Kamala made a post saying that the pictures taken were made for political advancement?",jeremy shearer,Kamel toe ain’t ready… she needs to practice more with a fake trump lookalike 
2024-09-10 22:24:09,scar,twerking contest whoever shakes the best gets the president boom done merry Christmas ,jeremy shearer,Kamel toe ain’t ready… she needs to practice more with a fake trump lookalike 
2024-09-10 22:24:10,David Shaw,"Trump is being attacked, by three people, she wasn’t even voted in and has nothing good to run on",jeremy shearer,Kamel toe ain’t ready… she needs to practice more with a fake trump lookalike 
2024-09-10 22:24:11,name,kaz want to move to bajookieland w me?,jeremy shearer,Kamel toe ain’t ready… she needs to practice more with a fake trump lookalike 
2024-09-10 22:24:22,SOVEREIGNDesigns,rich kid that wasnt rised properly,jeremy shearer,Kamel toe ain’t ready… she needs to practice more with a fake trump lookalike 
2024-09-10 22:24:28,Lora,He is president former I agree ,jeremy shearer,Kamel toe ain’t ready… she needs to practice more with a fake trump lookalike 
2024-09-10 22:24:28,David Shaw,With Trump we had peace on earth.,jeremy shearer,Kamel toe ain’t ready… she needs to practice more with a fake trump lookalike 
2024-09-10 22:24:30,kaz's best investment,name absolutely,jeremy shearer,Kamel toe ain’t ready… she needs to practice more with a fake trump lookalike 
2024-09-10 22:24:52,David Shaw,She is lying every time she speaks.,jeremy shearer,Kamel toe ain’t ready… she needs to practice more with a fake trump lookalike 
2024-09-10 22:24:52,SOVEREIGNDesigns,lol,jeremy shearer,Kamel toe ain’t ready… she needs to practice more with a fake trump lookalike 
2024-09-10 22:24:56,Havenot Deplorable,"Not only is she terrible, but she's spewing lies",jeremy shearer,Kamel toe ain’t ready… she needs to practice more with a fake trump lookalike 
2024-09-10 22:25:07,SOVEREIGNDesigns,your whole history is scared with BS ,jeremy shearer,Kamel toe ain’t ready… she needs to practice more with a fake trump lookalike 
2024-09-10 22:25:10,Pax Arias,"I can't stand her whiney, shrill voice. She sounds like she's on the verge of emotional breakdown because the pressure is too much for her to handle. Just radiates weakness.",jeremy shearer,Kamel toe ain’t ready… she needs to practice more with a fake trump lookalike 
2024-09-10 22:25:18,SOVEREIGNDesigns,prolly on the epstein list,jeremy shearer,Kamel toe ain’t ready… she needs to practice more with a fake trump lookalike 
2024-09-10 22:25:41,SOVEREIGNDesigns,fianly omg,jeremy shearer,Kamel toe ain’t ready… she needs to practice more with a fake trump lookalike 
2024-09-10 22:25:41,Gummidroptop,Kamala is and Biden ,jeremy shearer,Kamel toe ain’t ready… she needs to practice more with a fake trump lookalike 
2024-09-10 22:25:55,kaz's best investment,wait she's not biden???? who would've thought,jeremy shearer,Kamel toe ain’t ready… she needs to practice more with a fake trump lookalike 
2024-09-10 22:25:59,SOVEREIGNDesigns,scare tactics,jeremy shearer,Kamel toe ain’t ready… she needs to practice more with a fake trump lookalike 
2024-09-10 22:26:05,SOVEREIGNDesigns,frm a crimal,jeremy shearer,Kamel toe ain’t ready… she needs to practice more with a fake trump lookalike 
2024-09-10 22:26:54,kaz's best investment,name do you think trump looks up into the night sky and sees his reflection in the mooooon in the moooon and realizes hes the villain,jeremy shearer,Kamel toe ain’t ready… she needs to practice more with a fake trump lookalike 
2024-09-10 22:27:00,David Shaw,If people think she will when do anything different they are wrong. During the riots she said burn it down.,jeremy shearer,Kamel toe ain’t ready… she needs to practice more with a fake trump lookalike 
2024-09-10 22:27:07,scar,they need to have a pizza smoke break,jeremy shearer,Kamel toe ain’t ready… she needs to practice more with a fake trump lookalike 
2024-09-10 22:27:10,name,i will he the villian :smiling_face_with_horns::smiling_face_with_horns:,jeremy shearer,Kamel toe ain’t ready… she needs to practice more with a fake trump lookalike 
2024-09-10 22:27:12,Amanda Miyamoto,Walz and Harris 2024,jeremy shearer,Kamel toe ain’t ready… she needs to practice more with a fake trump lookalike 
2024-09-10 22:27:21,scar,uh oh here starts the interrupting,jeremy shearer,Kamel toe ain’t ready… she needs to practice more with a fake trump lookalike 
2024-09-10 22:27:26,Ernest Figueroa,Im listening to what makes sense not RAMBLING DT,jeremy shearer,Kamel toe ain’t ready… she needs to practice more with a fake trump lookalike 
2024-09-10 22:27:26,scar,HERE WE GO YALL.,jeremy shearer,Kamel toe ain’t ready… she needs to practice more with a fake trump lookalike 
2024-09-10 22:27:28,David Shaw,She said the US border is open when taking office.,jeremy shearer,Kamel toe ain’t ready… she needs to practice more with a fake trump lookalike 
2024-09-10 22:27:32,SOVEREIGNDesigns,stright BS,jeremy shearer,Kamel toe ain’t ready… she needs to practice more with a fake trump lookalike 
2024-09-10 22:27:42,Lora,Deplorable you need to listen and you will who is telling the truth trump a snake ,jeremy shearer,Kamel toe ain’t ready… she needs to practice more with a fake trump lookalike 
2024-09-10 22:27:44,Gummidroptop,Then talk about it then. ,jeremy shearer,Kamel toe ain’t ready… she needs to practice more with a fake trump lookalike 
2024-09-10 22:27:45,kaz's best investment,amanda you do realize they're from different parties or-,jeremy shearer,Kamel toe ain’t ready… she needs to practice more with a fake trump lookalike 
2024-09-10 22:27:51,Vincent Chase,TRUMP 2024 :flexed_biceps::hundred_points::fire:,jeremy shearer,Kamel toe ain’t ready… she needs to practice more with a fake trump lookalike 
2024-09-10 22:27:52,scar,I THINK HE JUST FORMED A NEW FOREHEAD LINE,jeremy shearer,Kamel toe ain’t ready… she needs to practice more with a fake trump lookalike 
2024-09-10 22:27:55,David Shaw,She can’t win.,jeremy shearer,Kamel toe ain’t ready… she needs to practice more with a fake trump lookalike 
2024-09-10 22:27:59,scar,HE LOOKS LIKE AN ANGRY BIRD,jeremy shearer,Kamel toe ain’t ready… she needs to practice more with a fake trump lookalike 
2024-09-10 22:28:06,scar,THE YELLOW ONE,jeremy shearer,Kamel toe ain’t ready… she needs to practice more with a fake trump lookalike 
2024-09-10 22:28:09,scar,LMAOOO,jeremy shearer,Kamel toe ain’t ready… she needs to practice more with a fake trump lookalike 
2024-09-10 22:28:14,Vincent Chase,Trump smokin on that Harris pack,jeremy shearer,Kamel toe ain’t ready… she needs to practice more with a fake trump lookalike 
2024-09-10 22:28:19,name,LMAO :loudly_crying_face::loudly_crying_face:,jeremy shearer,Kamel toe ain’t ready… she needs to practice more with a fake trump lookalike 
2024-09-10 22:28:31,SOVEREIGNDesigns,do you think that going to change LOL,jeremy shearer,Kamel toe ain’t ready… she needs to practice more with a fake trump lookalike 
2024-09-10 22:28:35,kaz's best investment,vincent i knew he was on something to be spewing those lies,jeremy shearer,Kamel toe ain’t ready… she needs to practice more with a fake trump lookalike 
2024-09-10 22:28:41,SOVEREIGNDesigns,will be a locked house ,jeremy shearer,Kamel toe ain’t ready… she needs to practice more with a fake trump lookalike 
2024-09-10 22:28:58,Vincent Chase,TRUMP 2024 :hundred_points::fire:,jeremy shearer,Kamel toe ain’t ready… she needs to practice more with a fake trump lookalike 
2024-09-10 22:29:02,Lora,Trump refused to take the border package so he could complain about it on debate day,jeremy shearer,Kamel toe ain’t ready… she needs to practice more with a fake trump lookalike 
2024-09-10 22:29:24,name,kaz 2024,jeremy shearer,Kamel toe ain’t ready… she needs to practice more with a fake trump lookalike 
2024-09-10 22:29:27,SOVEREIGNDesigns,lol,jeremy shearer,Kamel toe ain’t ready… she needs to practice more with a fake trump lookalike 
2024-09-10 22:29:42,kaz's best investment,name clayton middleintitial puppington 2024,jeremy shearer,Kamel toe ain’t ready… she needs to practice more with a fake trump lookalike 
2024-09-10 22:29:49,name,kaz did u die :crying_cat::crying_cat:,jeremy shearer,Kamel toe ain’t ready… she needs to practice more with a fake trump lookalike 
2024-09-10 22:29:51,name,oh yay,jeremy shearer,Kamel toe ain’t ready… she needs to practice more with a fake trump lookalike 
2024-09-10 22:29:57,Ernest Figueroa,DT makes no sense ,jeremy shearer,Kamel toe ain’t ready… she needs to practice more with a fake trump lookalike 
2024-09-10 22:30:06,kaz's best investment,name do you think he unironically listens to be an alpha,jeremy shearer,Kamel toe ain’t ready… she needs to practice more with a fake trump lookalike 
2024-09-10 22:30:11,Lindy,Trump is disaster,jeremy shearer,Kamel toe ain’t ready… she needs to practice more with a fake trump lookalike 
2024-09-10 22:30:19,name,YESSIR HES THE BEST MAYOR AND WILL HE THE BEST PRESIDENT :fire::fire:,jeremy shearer,Kamel toe ain’t ready… she needs to practice more with a fake trump lookalike 
2024-09-10 22:30:21,Gummidroptop,Kamala doesn’t make sense ,jeremy shearer,Kamel toe ain’t ready… she needs to practice more with a fake trump lookalike 
2024-09-10 22:30:33,BladedSphere48,She never has,jeremy shearer,Kamel toe ain’t ready… she needs to practice more with a fake trump lookalike 
2024-09-10 22:30:35,Donita Forrest,"kamala harris, born Oct 20, 1964 - she's a libra /dragon ... a paper dragon that snorts.",jeremy shearer,Kamel toe ain’t ready… she needs to practice more with a fake trump lookalike 
2024-09-10 22:30:42,scar,i support self defense but this is too far,jeremy shearer,Kamel toe ain’t ready… she needs to practice more with a fake trump lookalike 
2024-09-10 22:30:55,SOVEREIGNDesigns,lol,jeremy shearer,Kamel toe ain’t ready… she needs to practice more with a fake trump lookalike 
2024-09-10 22:30:57,Vincent Chase,If you can’t see Trump is the better option you’re willfully ignorant at best,jeremy shearer,Kamel toe ain’t ready… she needs to practice more with a fake trump lookalike 
2024-09-10 22:31:06,scar,and in drive bys and in stores and random places,jeremy shearer,Kamel toe ain’t ready… she needs to practice more with a fake trump lookalike 
2024-09-10 22:31:25,Lindy,"Those of you with children with disabilities, please vote right :check_mark_button: you will suffer",jeremy shearer,Kamel toe ain’t ready… she needs to practice more with a fake trump lookalike 
2024-09-10 22:31:25,baddog,68% TRUMP NOW,jeremy shearer,Kamel toe ain’t ready… she needs to practice more with a fake trump lookalike 
2024-09-10 22:31:32,SOVEREIGNDesigns,type that again scar LOL,jeremy shearer,Kamel toe ain’t ready… she needs to practice more with a fake trump lookalike 
2024-09-10 22:31:34,Ernest Figueroa,I’m voting KENNEDY,jeremy shearer,Kamel toe ain’t ready… she needs to practice more with a fake trump lookalike 
2024-09-10 22:31:35,kaz's best investment,kamala is such an alpha female,jeremy shearer,Kamel toe ain’t ready… she needs to practice more with a fake trump lookalike 
2024-09-10 22:31:50,BladedSphere48,beta*,jeremy shearer,Kamel toe ain’t ready… she needs to practice more with a fake trump lookalike 
2024-09-10 22:32:03,name,sigma*,jeremy shearer,Kamel toe ain’t ready… she needs to practice more with a fake trump lookalike 
2024-09-10 22:32:04,kaz's best investment,bladedsphere i assume you're talking about trump?,jeremy shearer,Kamel toe ain’t ready… she needs to practice more with a fake trump lookalike 
2024-09-10 22:32:05,scar,real kaz,jeremy shearer,Kamel toe ain’t ready… she needs to practice more with a fake trump lookalike 
2024-09-10 22:32:10,scar,i want mozzarella sticks,jeremy shearer,Kamel toe ain’t ready… she needs to practice more with a fake trump lookalike 
2024-09-10 22:32:23,kaz's best investment,trump is NOT a skibidi sigma rizzler,jeremy shearer,Kamel toe ain’t ready… she needs to practice more with a fake trump lookalike 
2024-09-10 22:32:32,scar,LMAOAO,jeremy shearer,Kamel toe ain’t ready… she needs to practice more with a fake trump lookalike 
2024-09-10 22:32:40,name,when are they going to talk about the omega verse,jeremy shearer,Kamel toe ain’t ready… she needs to practice more with a fake trump lookalike 
2024-09-10 22:32:55,scar,kamala looks like shes boutta cry ,jeremy shearer,Kamel toe ain’t ready… she needs to practice more with a fake trump lookalike 
2024-09-10 22:33:01,kaz's best investment,name when is trump going to start singing groomer nae nae,jeremy shearer,Kamel toe ain’t ready… she needs to practice more with a fake trump lookalike 
2024-09-10 22:33:04,BladedSphere48,She does,jeremy shearer,Kamel toe ain’t ready… she needs to practice more with a fake trump lookalike 
2024-09-10 22:33:04,Lindy,"Let's put politics on the side and vote for the truth, not hatred",jeremy shearer,Kamel toe ain’t ready… she needs to practice more with a fake trump lookalike 
2024-09-10 22:33:17,name,kaz WHAT :anxious_face_with_sweat::anxious_face_with_sweat:,jeremy shearer,Kamel toe ain’t ready… she needs to practice more with a fake trump lookalike 
2024-09-10 22:33:34,SOVEREIGNDesigns,and windmill give you cancer LOL,jeremy shearer,Kamel toe ain’t ready… she needs to practice more with a fake trump lookalike 
2024-09-10 22:33:37,scar,YES LINDA PREECH,jeremy shearer,Kamel toe ain’t ready… she needs to practice more with a fake trump lookalike 
2024-09-10 22:33:55,scar,nae groomer nae nae groomer groomer nae nae,jeremy shearer,Kamel toe ain’t ready… she needs to practice more with a fake trump lookalike 
2024-09-10 22:34:01,SOVEREIGNDesigns,proly cus she cares like a mother,jeremy shearer,Kamel toe ain’t ready… she needs to practice more with a fake trump lookalike 
2024-09-10 22:34:09,scar,:face-orange-frowning:,jeremy shearer,Kamel toe ain’t ready… she needs to practice more with a fake trump lookalike 
2024-09-10 22:34:19,Ziggly ,The one on the left locked in ngl ,jeremy shearer,Kamel toe ain’t ready… she needs to practice more with a fake trump lookalike 
2024-09-10 22:34:23,kaz's best investment,scar do you know the other song groom groom groom groom,jeremy shearer,Kamel toe ain’t ready… she needs to practice more with a fake trump lookalike 
2024-09-10 22:34:48,Beverly Yarbrough,Kamala HAS NO VALUE !!! VOTE TRUMP !!!!!,jeremy shearer,Kamel toe ain’t ready… she needs to practice more with a fake trump lookalike 
2024-09-10 22:34:53,name,:face-fuchsia-poop-shape:,jeremy shearer,Kamel toe ain’t ready… she needs to practice more with a fake trump lookalike 
2024-09-10 22:34:59,scar,omg no but now i need to hear it,jeremy shearer,Kamel toe ain’t ready… she needs to practice more with a fake trump lookalike 
2024-09-10 22:35:10,urmailman,kamalas hair is glued over her headset,jeremy shearer,Kamel toe ain’t ready… she needs to practice more with a fake trump lookalike 
2024-09-10 22:35:16,scar,ACTUALLY WAIT I THINK I DO,jeremy shearer,Kamel toe ain’t ready… she needs to practice more with a fake trump lookalike 
2024-09-10 22:35:16,Lindy,"We need a new leader, not so.e",jeremy shearer,Kamel toe ain’t ready… she needs to practice more with a fake trump lookalike 
2024-09-10 22:35:19,kaz's best investment,guys let's not vote for cecil creepler,jeremy shearer,Kamel toe ain’t ready… she needs to practice more with a fake trump lookalike 
2024-09-10 22:35:36,kaz's best investment,scar try listening to little girls by oingo boingo,jeremy shearer,Kamel toe ain’t ready… she needs to practice more with a fake trump lookalike 
2024-09-10 22:35:43,Ziggly ,airmail man you might be on too somthing ,jeremy shearer,Kamel toe ain’t ready… she needs to practice more with a fake trump lookalike 
2024-09-10 22:35:49,name,help i founf a cecil creepler fan acc on tumblr :crying_cat::crying_cat:,jeremy shearer,Kamel toe ain’t ready… she needs to practice more with a fake trump lookalike 
2024-09-10 22:36:02,kaz's best investment,at least she has hair ,jeremy shearer,Kamel toe ain’t ready… she needs to practice more with a fake trump lookalike 
2024-09-10 22:36:05,scar,omg that song too,jeremy shearer,Kamel toe ain’t ready… she needs to practice more with a fake trump lookalike 
2024-09-10 22:36:05,Ziggly ,Urmailman,jeremy shearer,Kamel toe ain’t ready… she needs to practice more with a fake trump lookalike 
2024-09-10 22:36:14,kaz's best investment,name do you run it?,jeremy shearer,Kamel toe ain’t ready… she needs to practice more with a fake trump lookalike 
2024-09-10 22:36:14,Ziggly ,Nah she bald ,jeremy shearer,Kamel toe ain’t ready… she needs to practice more with a fake trump lookalike 
2024-09-10 22:36:17,Ziggly ,Trust me,jeremy shearer,Kamel toe ain’t ready… she needs to practice more with a fake trump lookalike 
2024-09-10 22:36:17,SOVEREIGNDesigns,nothing as crookered as you donnie,jeremy shearer,Kamel toe ain’t ready… she needs to practice more with a fake trump lookalike 
2024-09-10 22:36:20,scar,omg is there another break,jeremy shearer,Kamel toe ain’t ready… she needs to practice more with a fake trump lookalike 
2024-09-10 22:36:27,name,KAZ NO :loudly_crying_face::loudly_crying_face::loudly_crying_face:,jeremy shearer,Kamel toe ain’t ready… she needs to practice more with a fake trump lookalike 
2024-09-10 22:36:29,scar,GUYS IM GONG TO GET SNACKS,jeremy shearer,Kamel toe ain’t ready… she needs to practice more with a fake trump lookalike 
2024-09-10 22:36:34,Ziggly ,There talking ,jeremy shearer,Kamel toe ain’t ready… she needs to practice more with a fake trump lookalike 
2024-09-10 22:36:36,Lindy,"we need a leader, think right by praying, and let God guide you to make the right decision.",jeremy shearer,Kamel toe ain’t ready… she needs to practice more with a fake trump lookalike 
2024-09-10 22:36:37,kaz's best investment,bye bye,jeremy shearer,Kamel toe ain’t ready… she needs to practice more with a fake trump lookalike 
2024-09-10 22:36:49,name,can u get me smth im hungry,jeremy shearer,Kamel toe ain’t ready… she needs to practice more with a fake trump lookalike 
2024-09-10 22:36:50,Super Empath,is it over yet?,jeremy shearer,Kamel toe ain’t ready… she needs to practice more with a fake trump lookalike 
2024-09-10 22:37:00,Raymonda Valdes,Who do you think won?,jeremy shearer,Kamel toe ain’t ready… she needs to practice more with a fake trump lookalike 
2024-09-10 22:37:09,kaz's best investment,name do you want some delicious glaze,jeremy shearer,Kamel toe ain’t ready… she needs to practice more with a fake trump lookalike 
2024-09-10 22:37:15,Spencer Egerton,i thought that last question was supposed to be about climate change,jeremy shearer,Kamel toe ain’t ready… she needs to practice more with a fake trump lookalike 
2024-09-10 22:37:20,name,:crying_cat::crying_cat:,jeremy shearer,Kamel toe ain’t ready… she needs to practice more with a fake trump lookalike 
2024-09-10 22:37:20,Spencer Egerton,they did not talk about climate change,jeremy shearer,Kamel toe ain’t ready… she needs to practice more with a fake trump lookalike 
2024-09-10 22:37:23,scar,yes ofc what do u want,jeremy shearer,Kamel toe ain’t ready… she needs to practice more with a fake trump lookalike 
2024-09-10 22:37:37,scar,we got grapes watermelon ,jeremy shearer,Kamel toe ain’t ready… she needs to practice more with a fake trump lookalike 
2024-09-10 22:37:48,scar,OH MY GOD IT STINKS,jeremy shearer,Kamel toe ain’t ready… she needs to practice more with a fake trump lookalike 
2024-09-10 22:37:52,name,can i have a watermelon ,jeremy shearer,Kamel toe ain’t ready… she needs to practice more with a fake trump lookalike 
2024-09-10 22:37:54,kaz's best investment,i think trump relates to moral orel s1 e2 ,jeremy shearer,Kamel toe ain’t ready… she needs to practice more with a fake trump lookalike 
2024-09-10 22:38:10,scar,yes,jeremy shearer,Kamel toe ain’t ready… she needs to practice more with a fake trump lookalike 
2024-09-10 22:38:12,name,CRAZY,jeremy shearer,Kamel toe ain’t ready… she needs to practice more with a fake trump lookalike 
2024-09-10 22:38:16,scar,:watermelon:,jeremy shearer,Kamel toe ain’t ready… she needs to practice more with a fake trump lookalike 
2024-09-10 22:38:25,kaz's best investment,kamala is so skibidi,jeremy shearer,Kamel toe ain’t ready… she needs to practice more with a fake trump lookalike 
2024-09-10 22:38:30,scar,im taking a yogurt,jeremy shearer,Kamel toe ain’t ready… she needs to practice more with a fake trump lookalike 
2024-09-10 22:38:31,baddog,Why talk about climate change - there's no such thing as man-made climate change.,jeremy shearer,Kamel toe ain’t ready… she needs to practice more with a fake trump lookalike 
2024-09-10 22:38:41,urmailman,Kamala and Joe flooded the border with ignorance and now pander fear. usual democratic tactics,jeremy shearer,Kamel toe ain’t ready… she needs to practice more with a fake trump lookalike 
2024-09-10 22:38:47,kaz's best investment,guys if trump wins there will be no more birthday parties :sad_but_relieved_face:,jeremy shearer,Kamel toe ain’t ready… she needs to practice more with a fake trump lookalike 
2024-09-10 22:38:49,baddog,TRUMP 66% in poll now,jeremy shearer,Kamel toe ain’t ready… she needs to practice more with a fake trump lookalike 
2024-09-10 22:39:11,kaz's best investment,who here watches tony zaret,jeremy shearer,Kamel toe ain’t ready… she needs to practice more with a fake trump lookalike 
2024-09-10 22:39:18,Mille.,skibdi,jeremy shearer,Kamel toe ain’t ready… she needs to practice more with a fake trump lookalike 
2024-09-10 22:39:20,Lindy,"Atleast Harris gave more plans than Trump. I don't have a party yet, but I don't like a leader who tells lots of lies and brings division and hates among us.",jeremy shearer,Kamel toe ain’t ready… she needs to practice more with a fake trump lookalike 
2024-09-10 22:39:21,2dro,american politics are a joke,jeremy shearer,Kamel toe ain’t ready… she needs to practice more with a fake trump lookalike 
2024-09-10 22:39:24,Mille.,SIGMA,jeremy shearer,Kamel toe ain’t ready… she needs to practice more with a fake trump lookalike 
2024-09-10 22:39:30,kaz's best investment,skibidi kamala,jeremy shearer,Kamel toe ain’t ready… she needs to practice more with a fake trump lookalike 
2024-09-10 22:39:36,scar,queefz,jeremy shearer,Kamel toe ain’t ready… she needs to practice more with a fake trump lookalike 
2024-09-10 22:39:46,name,srry my phone died,jeremy shearer,Kamel toe ain’t ready… she needs to practice more with a fake trump lookalike 
2024-09-10 22:39:57,scar,omg :broken_heart:,jeremy shearer,Kamel toe ain’t ready… she needs to practice more with a fake trump lookalike 
2024-09-10 22:40:01,kaz's best investment,like matthias benedik helvar???,jeremy shearer,Kamel toe ain’t ready… she needs to practice more with a fake trump lookalike 
2024-09-10 22:40:06,kaz's best investment,oopsies spoilers,jeremy shearer,Kamel toe ain’t ready… she needs to practice more with a fake trump lookalike 
2024-09-10 22:40:20,name,kaz if there r birthday parties there wont be cake ,jeremy shearer,Kamel toe ain’t ready… she needs to practice more with a fake trump lookalike 
2024-09-10 22:40:35,Lindy,Think wise :winking_face: :ok_hand:,jeremy shearer,Kamel toe ain’t ready… she needs to practice more with a fake trump lookalike 
2024-09-10 22:40:43,name,thsnks for the watermelon,jeremy shearer,Kamel toe ain’t ready… she needs to practice more with a fake trump lookalike 
2024-09-10 22:40:45,scar,oh god here we go again yall,jeremy shearer,Kamel toe ain’t ready… she needs to practice more with a fake trump lookalike 
2024-09-10 22:40:49,kaz's best investment,name i love woke and roll,jeremy shearer,Kamel toe ain’t ready… she needs to practice more with a fake trump lookalike 
2024-09-10 22:40:56,scar,ofcc ,jeremy shearer,Kamel toe ain’t ready… she needs to practice more with a fake trump lookalike 
2024-09-10 22:41:08,scar,omg closing time,jeremy shearer,Kamel toe ain’t ready… she needs to practice more with a fake trump lookalike 
2024-09-10 22:41:22,kaz's best investment,trump is such a silly beta :face_with_rolling_eyes:,jeremy shearer,Kamel toe ain’t ready… she needs to practice more with a fake trump lookalike 
2024-09-10 22:41:36,scar,slurpslrup,jeremy shearer,Kamel toe ain’t ready… she needs to practice more with a fake trump lookalike 
2024-09-10 22:41:38,SOVEREIGNDesigns,backwards racsict redardism ,jeremy shearer,Kamel toe ain’t ready… she needs to practice more with a fake trump lookalike 
2024-09-10 22:42:16,scar,kamala is eating ,jeremy shearer,Kamel toe ain’t ready… she needs to practice more with a fake trump lookalike 
2024-09-10 22:42:21,scar,PURRRRRRRRIOD,jeremy shearer,Kamel toe ain’t ready… she needs to practice more with a fake trump lookalike 
2024-09-10 22:42:22,kaz's best investment,fr,jeremy shearer,Kamel toe ain’t ready… she needs to practice more with a fake trump lookalike 
2024-09-10 22:42:26,name,frr,jeremy shearer,Kamel toe ain’t ready… she needs to practice more with a fake trump lookalike 
2024-09-10 22:42:27,Chris General,Sad that the only choice is Dem or Rep. Independents like RFK Jr. is the way to go.,jeremy shearer,Kamel toe ain’t ready… she needs to practice more with a fake trump lookalike 
2024-09-10 22:42:28,scar,:winking_face_with_tongue:,jeremy shearer,Kamel toe ain’t ready… she needs to practice more with a fake trump lookalike 
2024-09-10 22:42:40,SOVEREIGNDesigns,mother of the nation,jeremy shearer,Kamel toe ain’t ready… she needs to practice more with a fake trump lookalike 
2024-09-10 22:42:53,scar,thats so real cuz i think we all know no matter what they probably wont accomplish much,jeremy shearer,Kamel toe ain’t ready… she needs to practice more with a fake trump lookalike 
2024-09-10 22:43:12,SOVEREIGNDesigns,it all in the house ,jeremy shearer,Kamel toe ain’t ready… she needs to practice more with a fake trump lookalike 
2024-09-10 22:43:26,Lora,When trump was in office I lost a lot of money in my 401k since The real President been in office my 401k has gone up a lot so you tell me who hurt our economy ,jeremy shearer,Kamel toe ain’t ready… she needs to practice more with a fake trump lookalike 
2024-09-10 22:43:31,urmailman,she will put more black people in jail than any other president in history. remember shes only black when its convenient,jeremy shearer,Kamel toe ain’t ready… she needs to practice more with a fake trump lookalike 
2024-09-10 22:43:34,kleos_kustoms,hamburger with doo doo as the meat,jeremy shearer,Kamel toe ain’t ready… she needs to practice more with a fake trump lookalike 
2024-09-10 22:43:40,Joseph Demarco,so many old lies coming from Harris,jeremy shearer,Kamel toe ain’t ready… she needs to practice more with a fake trump lookalike 
2024-09-10 22:43:41,kaz's best investment,w lora,jeremy shearer,Kamel toe ain’t ready… she needs to practice more with a fake trump lookalike 
2024-09-10 22:43:45,SOVEREIGNDesigns,i dont think he knows how this gov wrks lol,jeremy shearer,Kamel toe ain’t ready… she needs to practice more with a fake trump lookalike 
2024-09-10 22:44:13,Lora,No to RFK ,jeremy shearer,Kamel toe ain’t ready… she needs to practice more with a fake trump lookalike 
2024-09-10 22:44:19,scar,oop the poll is equal ,jeremy shearer,Kamel toe ain’t ready… she needs to practice more with a fake trump lookalike 
2024-09-10 22:44:22,SOVEREIGNDesigns,how so ,jeremy shearer,Kamel toe ain’t ready… she needs to practice more with a fake trump lookalike 
2024-09-10 22:44:25,Kyle Holt,Kamala Scripted,jeremy shearer,Kamel toe ain’t ready… she needs to practice more with a fake trump lookalike 
2024-09-10 22:44:35,scar,"okay, kyle",jeremy shearer,Kamel toe ain’t ready… she needs to practice more with a fake trump lookalike 
2024-09-10 22:44:45,scar,wait that was mean sorry kyle,jeremy shearer,Kamel toe ain’t ready… she needs to practice more with a fake trump lookalike 
2024-09-10 22:44:45,SOVEREIGNDesigns,more scare tactics ...... low iq BS,jeremy shearer,Kamel toe ain’t ready… she needs to practice more with a fake trump lookalike 
2024-09-10 22:44:50,scar,LMAOO,jeremy shearer,Kamel toe ain’t ready… she needs to practice more with a fake trump lookalike 
2024-09-10 22:44:59,Lora,You mean trump,jeremy shearer,Kamel toe ain’t ready… she needs to practice more with a fake trump lookalike 
2024-09-10 22:45:05,Lindy,Trump is trouble,jeremy shearer,Kamel toe ain’t ready… she needs to practice more with a fake trump lookalike 
2024-09-10 22:45:18,SOVEREIGNDesigns,"broke record, where is g13 LOL",jeremy shearer,Kamel toe ain’t ready… she needs to practice more with a fake trump lookalike 
2024-09-10 22:45:23,urmailman,energy independence is crucial to American prosperity,jeremy shearer,Kamel toe ain’t ready… she needs to practice more with a fake trump lookalike 
2024-09-10 22:45:29,SOVEREIGNDesigns,you tlk so much about ... XD,jeremy shearer,Kamel toe ain’t ready… she needs to practice more with a fake trump lookalike 
2024-09-10 22:45:34,SOVEREIGNDesigns,CLOWN,jeremy shearer,Kamel toe ain’t ready… she needs to practice more with a fake trump lookalike 
2024-09-10 22:45:38,scar,okokok that was ,jeremy shearer,Kamel toe ain’t ready… she needs to practice more with a fake trump lookalike 
2024-09-10 22:45:40,urmailman,we cant live off the grace of the wind,jeremy shearer,Kamel toe ain’t ready… she needs to practice more with a fake trump lookalike 
2024-09-10 22:45:41,scar,interesting ,jeremy shearer,Kamel toe ain’t ready… she needs to practice more with a fake trump lookalike 
2024-09-10 22:46:01,Lora,He doesn’t and honestly he needs to read more because he isn’t the smartest cookie on the block,jeremy shearer,Kamel toe ain’t ready… she needs to practice more with a fake trump lookalike 
2024-09-10 22:46:02,Hezekyah Bezaleel,Let’s Go Trump,jeremy shearer,Kamel toe ain’t ready… she needs to practice more with a fake trump lookalike 
2024-09-10 22:46:08,Lindy,Trump messed up big time.,jeremy shearer,Kamel toe ain’t ready… she needs to practice more with a fake trump lookalike 
2024-09-10 22:46:17,scar,real,jeremy shearer,Kamel toe ain’t ready… she needs to practice more with a fake trump lookalike 
2024-09-10 22:46:24,urmailman,President Trump 2024,jeremy shearer,Kamel toe ain’t ready… she needs to practice more with a fake trump lookalike 
2024-09-10 22:46:30,Chad,Trump 2024,jeremy shearer,Kamel toe ain’t ready… she needs to practice more with a fake trump lookalike 
2024-09-10 22:46:32,Lora,Messed up a lot,jeremy shearer,Kamel toe ain’t ready… she needs to practice more with a fake trump lookalike 
2024-09-10 22:46:35,kaz's best investment,urmailman KAMALA 2024,jeremy shearer,Kamel toe ain’t ready… she needs to practice more with a fake trump lookalike 
2024-09-10 22:46:37,Lindy,DISASTER ON TRUMP,jeremy shearer,Kamel toe ain’t ready… she needs to practice more with a fake trump lookalike 
